to_address,transaction_count,avg_gas_limit,max_gas_limit
0x0de8bf93da2f7eecb3d9169422413a9bef4ef628,31403,23605895.17294526,36000000.0
0x0a252663dbcc0b073063d6420a40319e438cfa59,26045,28897356.53960453,36000000.0
0x0000000000771a79d0fc7f3b7fe270eb4498f20b,10110,20901135.246488623,34849371.0
0x2f848984984d6c3c036174ce627703edaf780479,6688,23536096.092254784,35838106.0
0x3328f7f4a1d1c57c35df56bbf0c9dcafca309c49,1989,29996342.62644545,30000000.0
0x0a9077aa8a6e3b6016e9936ae3541a6bf5740eba,1345,19439481.85055762,32400000.0
0xc3c7b049678d84081dfd0ba21a6c7fdcc31c226f,1302,25700480.014592934,33737454.0
0x4041001020fcd967eac89b060388abc703119c73,1130,21437030.361061946,26107063.0
0xbd8916626c5b1b9f28da68aa0bc4a3d29a0d33d5,924,19500000.0,19500000.0
0x4f4495243837681061c4743b74b3eedf548d56a5,906,20000000.0,20000000.0
0xd1f3b954608551e0365c248a5a539ef08f9587a3,818,23763265.188264057,26101924.0
0x8d5f7156eb384902b71ae991c563bb9ee47e0d68,761,26021000.0,26021000.0
0xf70091dd85e62021c888b4c861c45749b793f869,757,20000000.0,20000000.0
0x00000000000000000000000000000000000face7,605,22915919.623140495,34266827.0
0xddc796a66e8b83d0bccd97df33a6ccfba8fd60ea,553,20000000.0,20000000.0
0x2d5805a423d6ce771f06972ad4499f120902631a,481,24433184.546777546,35933443.0
0xfef2359e77df8b769760d62cbb5ee676fe78f6c2,416,23989473.973557692,33050400.0
0x3fc29836e84e471a053d2d9e80494a867d670ead,385,27714927.189610388,34200000.0
0xe957ea0b072910f508dd2009f4acb7238c308e29,337,19353185.204747774,29396120.0
0xd152f549545093347a162dce210e7293f1452150,328,26067321.466463413,35451675.0
0x931a644c8049babdd91fac0f5e394179569c13f5,315,20000000.0,20000000.0
0x684feb71dd32e6a36c39d47fcef6a559877ad7d3,246,20000000.0,20000000.0
0x67a34a84c235c15840745955db839520fea09939,207,27715590.328502417,33582198.0
0x21d3227b97cc2bda8f3ee2217df710f551547aa6,186,25457830.612903226,26103004.0
0x00000688768803bbd44095770895ad27ad6b0d95,184,22128316.52173913,30867649.0
0x0ef8fa4760db8f5cd4d993f3e3416f30f942d705,151,21444659.059602648,29510743.0
0x845074654f5412915f5c0d76c017c39c800d96a5,144,19982318.520833332,20061235.0
0xa7482716c6cdd7f65b1b595d2cdeb4e4a2a08fcb,135,17246892.451851852,17263971.0
0x45ca8f6d7b6cdd13effb1cd06829d1d9273a8913,124,20000000.0,20000000.0
0x0b8a49d816cc709b6eadb09498030ae3416b66dc,120,23437169.925,35527138.0
0x62b92d5ad29bc7adffa2904faac28dd0ce3fc65a,118,25252428.033898305,26060745.0
0xa9048585166f4f7c4589ade19567bb538035ed36,117,25326404.803418804,35845636.0
0x6c84edd2a018b1fe2fc93a56066b5c60da4e6d64,117,20000000.0,20000000.0
0xc41e476dea14aa3a6feb4a10b6382d655ce60ec2,117,17245494.8034188,17262560.0
0xadb863c42da771455329ea9c164d07fb6d9e3a42,114,30000000.0,30000000.0
0xc32e2a2f03d41768095e67b62c9c739f2c2bc4aa,113,22855444.902654868,34378005.0
0x77a6149395ca96b13df5bbd634965bcfbeedb1c9,113,25000000.0,25000000.0
0x0644bd0248d5f89e4f6e845a91d15c23591e5d33,100,30000000.0,30000000.0
0x00000f91109c4d0007e90000d9facad5298a0cac,96,31769606.885416668,35117553.0
0x76366921f251b3cef0d326c9d0d587b6a4cbb7fb,94,20957446.80851064,35000000.0
0x03e2ea0fbc39240f1867f5d7475fd6b6561950aa,88,31121510.045454547,31271268.0
0x977c26ce24036fa66ee2bfaead9556bc2b8a9aea,87,29499821.88505747,29779673.0
0x00c452affee3a17d9cecc1bcd2b8d5c7635c4cb9,86,22196706.139534883,32273628.0
0x9d1833becb105405a8305f775f0af3157d12b33c,85,18475872.505882353,21357559.0
0xd11d000979b09eb3380e92dab523597afe32ed03,85,27603034.647058822,35894571.0
0x4abf0b30452399793ff3a90ac016072b12f5ff32,83,20321597.578313254,23029000.0
0xbbbb2d4d765c1e455e4896a64ba3883e914abbbb,82,25244305.93902439,34921680.0
0xe6b1de575e7e610889ea21024834e120f92033a3,82,18699390.243902437,26640000.0
0x26ec4a18080303afe65628c205877c808e16caed,80,21486470.8375,22000965.0
0xc36442b4a4522e871399cd717abdd847ab11fe88,80,24734995.425,31377948.0
0x9d28e66f07c603d5caf4701447bd7f86d5b1d324,79,30000000.0,30000000.0
0x8d6689c68c588b3377cce194fd5cc1c27439def5,74,28783829.56756757,31508294.0
0x8ddbbcc0999f396237b6534ac600ebb0d8618c99,65,24280181.184615385,24288499.0
0x06a9ab27c7e2255df1815e6cc0168d7755feb19a,63,20099192.031746034,30000000.0
0x733f1b7b6d70b3c9664e31e33eee63fb905e5b29,61,24335852.459016394,24600000.0
0x5b5a0580bcfd3673820bb249514234afad33e209,60,24781752.5,30000000.0
0x21fd239311b050bbee7f32850d99adc224761382,59,29039560.813559324,35986421.0
0x89bf387095cd603035a08036d89bd2089ce091c7,58,22343350.29310345,34383069.0
0x95f41f9fcf2dead1a7d2efde6f8a5d8ad3a96028,58,30000000.0,30000000.0
0x38b6088849e98115315bad2786f6490474158c33,57,23286015.350877192,34233937.0
0x19a364bdaf25cc634ccd287ea3521bfb3ea9db41,54,25809048.851851847,34166536.0
0x2debc3b202eb70c9e722ff2153fbfb9b5ce2e8b2,54,17096446.14814815,17097440.0
0xe77864e6368103da3e0c3f86781456af1a10ee3a,54,18977315.074074075,18984138.0
0x307bece88fc5fbfb1b638fb2a382d143cdf9c185,53,18808492.754716977,18809506.0
0x2dc7acc59c39f4e0a373dfe0e55c715e7ebefb7e,52,25486219.153846152,25883246.0
0x2a2743b47714b243dc2f05f4737798b0348ca36c,48,21246812.75,25385014.0
0x4c159520f1117ac58cb5efa1765469cac54dcaab,46,19156850.54347826,21566547.0
0xe071ab2817e8e4c3546b10596f5da06878b87bd6,44,30000000.0,30000000.0
0xb1ffb36ba1243f6c041135d8d7159d6ccfe74857,43,20000000.0,20000000.0
0xa80f9c506fa30b604b23a30b97fddbb983909f2a,43,28000000.0,28000000.0
0x912d189a35abeb5a50e114214415b738d036732a,43,20000000.0,20000000.0
0x47cec90facc9364d7c21a8ab5e2ad9f1f75d740c,41,27968438.51219512,33775573.0
0xca11bde05977b3631167028862be2a173976ca11,40,19315609.675,31201149.0
0xcca8e0dba2e02e20823412cb074d8931d739924d,39,21358974.35897436,26000000.0
0xe65cfc89890e1ae59e3fab949c90d4370164df3d,39,20000000.0,20000000.0
0x089248e869aecd66199b64637207d366d6cfe92d,38,20000000.0,20000000.0
0x4e59b44847b379578588920ca78fbf26c0b4956c,38,27008128.315789472,29000000.0
0x2ed473f528e5b320f850d17adfe0e558f0298aa9,38,20699987.236842107,26479265.0
0xc832d5c240badf1a90adb26cc8b665091f2c06fc,37,20000000.0,20000000.0
0x0e0f5254b60d4387d3d607600947a57085d5c6fe,36,23682873.111111112,24274834.0
0x1036c0a06810b2880ab0ac3471b682d6b4d041dc,36,20000000.0,20000000.0
0x455bf23ea7575a537b6374953fa71b5f3653272c,36,17343899.333333332,18192953.0
0x005da41474eb93cfea6fcc126e7beaf467e96666,35,23390212.914285716,35312568.0
0x27257e14fc20523c36f3f9df1a9d57195bc69fd6,35,34000000.0,34000000.0
0x7a250d5630b4cf539739df2c5dacb4c659f2488d,33,25602571.606060605,30000000.0
0x9a15bb3a8fec8d0d810691bafe36f6e5d42360f7,31,17725090.322580647,18156361.0
0x0000000000c2d145a2526bd8c716263bfebe1a72,31,22235379.451612905,34652454.0
0x7a0d65e5888c7bc9beba67cd76ec669103260ef4,30,28466666.666666668,29000000.0
0x957292d4c5a559f34b21bfb8334f3db491f595b5,30,30624622.966666665,32431608.0
0x46978cd477a496028a18c02f07ab7f35edba5a54,30,21655838.0,21815335.0
0xad7b0527ab2a2e96c5a299aecd1a37fa9b38263a,30,19466666.666666668,24000000.0
0x4806f4a556d9785c664bbfafeb03bc9f266fa23a,30,22204705.566666663,22349212.0
0x9230aad11ca10d189008513fddc55db7d5c3be95,30,28486165.866666663,34903938.0
0xcccbdaea24119324c1bf44058c4f416cc9a815c0,29,18351648.413793106,19663759.0
0x2a8c5780df20fe36ae4196ac7d9fff0d565cc34d,29,29000000.0,29000000.0
0xbf91acaca8e910b278f9c2510e5a8f0426884f21,29,26161903.44827586,35337385.0
0x22863c875e6b7519141cb8394f2220fac7e6ade6,28,21352142.32142857,28711726.0
0x1ce2b1be96a082b1b1539f80d5d8f82ec06a0f9a,28,20000000.0,20000000.0
0x6bc558a6dc48defa0e7022713c23d65ab26e4fa7,27,28501030.740740743,28527830.0
0xfafcba8f8f4282c4c629a6bb4b98226a7c3e989f,26,30443226.0,34200000.0
0xa7b8888a324b1b981a886e7e3e2e73f779310f96,26,28000000.0,28000000.0
0xffee087852cb4898e6c3532e776e68bc68b1143b,26,18189024.96153846,18224209.0
0x0af04ebc746d12e106a644d818095ea116160dac,25,19695048.6,26162582.0
0xdac17f958d2ee523a2206206994597c13d831ec7,25,31154769.52,34200000.0
0xe08d97e151473a848c3d9ca3f323cb720472d015,25,27029280.44,35950000.0
0x629a493a94b611138d4bee231f94f5c08ab6570a,25,20228976.0,24390000.0
0x902f09715b6303d4173037652fa7377e5b98089e,23,25290936.95652174,28800000.0
0xbbba5ba03d948d0a4cc010ca03d3b6e1b14f7098,23,23874105.260869566,24981888.0
0x39509d8e1dd96cc8bad301ea65c75c7deb52374c,23,18332775.0,23802333.0
0x4b1705c75fde41e35e454ddd14e5d0a0eac06280,23,21333026.086956523,26694000.0
0xfea099aa17566d59694cc3aaef0396d5aa7661c2,22,17376505.454545453,17376506.0
0x370d253f2e3d1d23c6f900928920a470eed8f876,21,21824916.57142857,29952710.0
0x60e1a5714ab98f4ba55811c45899fb425433bb65,21,25706925.285714287,33363893.0
0x1f2f10d1c40777ae1da742455c65828ff36df387,20,27500000.0,30000000.0
0xc8600f424ac13377ab37a9062efdd37f1d012dd3,20,23626167.85,30379482.0
0x112f172f179d8ea6f7fb01e298336df271933a07,20,22100049.35,22200089.0
0x29d9cfb6b0594442196f10980d00fb1c4c83728f,19,27013872.263157897,27052757.0
0x8290d0a3b6d55e9aaf05a59fb3a18a71c309dd61,19,31301627.736842107,32400000.0
0x4a698b2fceffbdf1b82ddc109076902240f4e41f,19,22307798.736842107,35189238.0
0x01c976aa4a4944dfea0f3d1bdf4e3282fd73a649,19,20000000.0,20000000.0
0xab13b8eecf5aa2460841d75da5d5d861fd5b8a39,19,26008555.52631579,35856544.0
0xad52579927029a752cf19fea67636a6986724409,18,20000000.0,20000000.0
0xfa1d66bf587eea1c59c63e3e6f471c5805ea8a2f,17,24286679.529411763,34199967.0
0x3295118acfe5f4150b90a22de8c5b2225e15add2,17,20814850.76470588,21522924.0
0x897f00e052261171f98a69c6a429eecdf86639b8,17,19414564.29411765,19549777.0
0xdf4ffda22270c12d0b5b3788f1669d709476111e,17,25611988.23529412,30335480.0
0xac867cf2f99b6b881a40af91d80d7a4eb7586079,17,19368236.70588235,19400680.0
0xcb3186c012682e265522204c44247a65c1843fbd,17,29497443.70588235,33991129.0
0xef0cd0f1362ee213c9f6a4c550337be1e7d96856,17,31530591.588235293,32400000.0
0x9641d764fc13c8b624c04430c7356c1c7c8102e2,16,21462411.875,34463761.0
0x6984560812bf8a09504dc3acc2d8c334ced3e933,16,27657167.6875,34200000.0
0x3466eb008edd8d5052446293d1a7d212cb65c646,16,24265499.1875,24686828.0
0x0000000000001ff3684f28c67538d4d072c22734,16,23197609.75,29061528.0
0x00000000a2116eaf5030b7cfda8181fdc434a5ed,16,26016877.125,33498886.0
0xaf42d795a6d279e9dcc19dc0ee1ce3ecd4ecf5dd,16,24989880.6875,29714181.0
0xc63d9f0040d35f328274312fc8771a986fc4ba86,16,20000000.0,20000000.0
0x37db4d91e2acc4df114a73b6a710b24e7ba5bd48,16,25223105.5,34812871.0
0x196a26ef25beea61f9199e3f9d4c5c03377df786,16,27475862.25,30000000.0
0x49a18944c02e88be2be5b9bd6d754d52c5f31df9,15,29000000.0,29000000.0
0x0000000000000068f116a894984e2db1123eb395,15,26957362.0,34200000.0
0x81ad394c0fa87e99ca46e1aca093bee020f203f4,15,21768653.0,29397362.0
0xacaa4dde6c4fb90bb1948904f0308296f7c74252,15,26969765.666666668,28679989.0
0x9008d19f58aabd9ed0d60971565aa8510560ab41,15,21973382.133333333,32556312.0
0x46950ba8946d7be4594399bcf203fb53e1fd7d37,15,31484698.933333334,35964675.0
0x29b97f37b3e0c704bcfd785f5b7bba2a0b7df2c7,14,24077806.07142857,27960774.0
0x8cb924583681cbfe487a62140a994a49f833c244,14,32277063.85714286,32400000.0
0xa0b86991c6218b36c1d19d4a2e9eb0ce3606eb48,14,30411870.5,34200000.0
0x431cedef697b96c43efb126b1d0dd1c420eb532a,14,24487632.214285713,34066575.0
0x264af64ced703d4398339ec572745db1497665d6,14,23495234.64285714,30000000.0
0xcd44c0a16bff3f818b65f854ec867dbaef5ae5e9,14,19576745.42857143,21617482.0
0x40a2accbd92bca938b02010e17a5b8929b49130d,13,26252839.076923076,35384996.0
0x3fc91a3afd70395cd496c647d5a6cc9d4b2b7fad,13,22558018.076923076,28583329.0
0x343b0fe13b5c0414c9d7ac041965b9054a8e64d0,13,27490477.0,32400000.0
0x881d40237659c251811cec9c364ef91dc08d300c,13,24663032.923076924,30599290.0
0xa436c9048d4927ff69943278aae0e426f9f68755,13,18153244.69230769,18328600.0
0x66e69dfb54ecedf4ab9bfcbb254668de396bce95,13,21847945.923076924,25056969.0
0x4d8f32a3504f31a1e1cb6128197012fd7b91a164,13,18590002.769230768,18599398.0
0xca937521d07e7956a7f9356edfb9ad980706a877,13,17499605.615384616,17500257.0
0xb4d03c73566225b1e35d1f384d5dddb9b0b035cc,12,27750000.0,28000000.0
0x9f46a75d1a296a629d3487584cedcf36ea7865df,12,22993800.33333333,23875069.0
0xc5a076cad94176c2996b32d8466be1ce757faa27,12,19382911.666666668,19480749.0
0x621c335b4bd8f2165e120dc70d3afcafc6628681,12,20173497.583333332,20789641.0
0x6a8894d2843b33a939d706dc8c54f42716cdddc1,12,19486668.166666668,24760902.0
0xdb5c9ac6089d6cca205f54ee19bd151e419cac63,12,21848672.666666668,27740676.0
0xbdba16270ea4d6edaf4f866afa0fa395c9929fd0,12,20000000.0,20000000.0
0x4dd1412521a0691a12f996979005e2f3881afb4b,12,30000000.0,30000000.0
0xde744217bf5d759420a03adb4d96ef53360c68d8,12,31859396.5,34748296.0
0x3363c34f9986a0a2b58bebc96dd51aa9b74a782a,12,17848333.333333332,19480000.0
0x9419c1e3998e2a58046302e3c03b411800a4d697,12,18041370.416666668,18042248.0
0x4576eae07b1f15f23160973de0d90ee2d3e0802b,12,20978775.0,21009261.0
0x97f0fa1e5bf44f0dbd8dc5ee5e0d017667ae0c34,11,29576513.272727273,29966266.0
0x4e5846858c8da2149b7185f0569121632270aae8,11,18290366.0,18534180.0
0x709b1b5d0fdc75cace1eb7f6aa00873f2f2cbc27,11,23969473.272727273,24416097.0
0xa07dd68136bb4918bd48d3eff89edb43accf6a5a,11,28351054.09090909,28731925.0
0x000000000000bb1b11e5ac8099e92e366b64c133,11,19011198.818181816,20049658.0
0x5b3122d9cd34c5317cd1900aa106453133f57f8a,11,29771490.0,32660759.0
0x40f5adb06a54dbf83ebf45b89c5aecb6f3addcbe,11,23191049.181818184,34200000.0
0x8edcfff1eeb8485b8b66cf16f9d9c34ca31c0985,11,30785648.363636363,32400000.0
0x9d4d54e198e8fdad10d8bcf9594ef0384dc34e3d,11,18599206.636363637,18599300.0
0x989468982b08aefa46e37cd0086142a86fa466d7,10,19678220.0,23565492.0
0x000000000000f10286d9c1c5d4635a25070572b6,10,21128710.9,27740498.0
0x46aacae07fd49205262ee6524a3ccec32cc371a4,10,21094322.2,22799603.0
0x23aa05a271debffaa3d75739af5581f744b326e4,10,26348035.6,29998550.0
0x49e9a16ba0f74f97a639fd768a6ba5b78cc9a658,10,20774092.2,21767541.0
0xb524735356985d2f267fa010d681f061dff03715,10,20983088.1,28160227.0
0xe06a1ad7346dfda7ce9bcfba751dabfd754bafad,10,27949348.4,34199967.0
0x33a76173680427cba3ffc3a625b7bc43b08ce0c5,10,25185247.0,29570490.0
0x8e495a5b93c0dc0ee5d95c97d788c590746d8bd8,10,20023633.0,20023633.0
0xd1a0d188e861ed9d15773a2f3574a2e94134ba8f,10,20000000.0,20000000.0
0xfe11a5009f2121622271e7dd0fd470264e076af6,10,18910450.4,20555340.0
0x0000000000002bdbf1bf3279983603ec279cc6df,10,32335707.2,34668663.0
0xad2b99dba02e71faa4612d6280a88b9f9ccff3c2,10,25000058.3,25000090.0
0x8cc51c532f5a71210d19d87d3d8a1e6f50ad583c,10,22918667.9,23130286.0
0x97f69e1f54a4b10d934ff67e65b7ecfbab6ec652,9,25027453.555555556,25066092.0
0x000000004685666c7653cc148f566f0511901b37,9,25619851.333333332,34356903.0
0xb85f2a5e2a7341afe4bd50c27211e0cf29c79ebd,9,28500000.0,28500000.0
0x000000000000ad05ccc4f10045630fb830b95127,9,18411210.0,21308400.0
0x0baac79acd45a023e19345c352d8a7a83c4e5656,9,17091978.444444444,17507684.0
0x40bb9082317411ddf7726d04cfbbd55720bab55b,9,20845277.888888888,22035371.0
0xf00000003d31d4ab730a8e269ae547f8f76996ba,9,20500000.0,20500000.0
0xe99938fc114b20f818c9202955ba8c8c4a5a79b9,9,20000000.0,20000000.0
0xa001a927d27ec9246cee7d1829a3309970888888,9,26833333.333333332,35700000.0
0x800123cac8afd425270d4ce52f6d404e476dce6e,9,19165135.888888888,22492937.0
0xec4e4fb7691a86284a73a0c21b98f40a1598957f,9,30000000.0,30000000.0
0x0000001d41857cb60f6be0c9fe74b9e69e1e5234,9,17836940.222222224,18842970.0
0x8199940b068c65f35272078775093023f59acb42,9,17712657.0,17712813.0
0x662ee3c555dc04f4bd03e98183a9366b83122b2d,9,28311669.777777776,28311795.0
0x66986cd09d974e9d7c39c3921c90361bf8af6696,9,25511970.444444444,27136808.0
0x6982508145454ce325ddbe47a25d4ec3d2311933,8,28500000.0,28500000.0
0xdc71affc862fceb6ad32be58e098423a7727bebd,8,25331824.25,29834240.0
0xe5704e4e8ded73c5a184a9a0600b487f2826329e,8,25831036.375,28500000.0
0x71a41517fe65890fe835d67fce17a9747112696c,8,19841202.5,19868112.0
0x3b968d2d299b895a5fcf3bba7a64ad0f566e6f88,8,21559027.375,25900000.0
0x00000000009e50a7ddb7a7b0e2ee6604fd120e49,8,19860061.25,26828781.0
0x591a86ceb8b7db5a1f8c38fc785d68d39f67fe33,8,23416036.125,23441164.0
0xafbd66706f90bc56d29c39a260930b34b2757ed8,8,23142422.0,23219276.0
0x21f73d42eb58ba49ddb685dc29d3bf5c0f0373ca,8,26384956.875,33347135.0
0x8236a87084f8b84306f72007f36f2618a5634494,8,21195079.25,25038385.0
0x15ce9be6609db102b70d68ca75a39c555bea5fac,8,18251665.5,19007648.0
0xeafae49cb98999d633537b61b0b90648cf2d9ec8,8,21405213.625,24778695.0
0x331cf92c453cab92d62e7781a6ebf99c3b261d76,8,22020096.0,22020096.0
0x36c211c099eb2ce0fa245bc3babf63f8367145fb,8,30000000.0,30000000.0
0x58e6c7ab55aa9012eacca16d1ed4c15795669e1c,8,28153326.5,29854536.0
0x39b33a124957ad0bc928592a46b4dbe084d07780,8,17726756.0,17726765.0
0x00000000000008882d72efa6cce4b6a40b24c860,8,30709391.5,34200000.0
0x0df19407f9bb6db7a7d877973180de70a77765d7,8,24000000.0,24000000.0
0x3b4201496d05113f4c76925df00d5abb56887bd5,7,20027889.14285714,20309209.0
0xc40be3a801a39bdc151bf6b3468b4035f8a4d440,7,28511919.42857143,28527830.0
0xdef1c0ded9bec7f1a1670819833240f027b25eff,7,24465729.85714286,28499995.0
0x0200121f8cabdbb405f01087373cb087b8c4c50c,7,17547260.57142857,17967809.0
0x00005ea00ac477b1030ce78506496e8c2de24bf5,7,24365277.714285713,34200000.0
0x6131b5fae19ea4f9d964eac0408e4408b66337b5,7,24257558.14285714,33444504.0
0x7a68033f4480d0272618f2df998a5fc54bd02c46,7,20252707.14285714,22002417.0
0xe1b0feed918cfa81bcb0e770f6f31ac2b7094921,7,24069820.85714286,24069957.0
0xa59ea6c90fc78685265421a3dcc906160e5e8c55,7,25600000.0,25600000.0
0x74e2b8eee3ea8f4639b81e1e9b230cc9c06e5f6a,7,28466588.57142857,35964845.0
0x9efffce85025252dc037fa9a8894452f27174367,7,21035714.285714287,23050000.0
0xe9c74b7e297bc9ba6e9348b2d36576d24d4af630,7,25958880.57142857,28179717.0
0x33fdb3b9113691681168b0617f0809544277f912,7,27890574.42857143,28461038.0
0x9fd9270033dc2ad2466d2171264b48a80cb41a7f,7,22065000.0,22065000.0
0xb3c047b14076b914487f52b3a55aceb9a4751409,6,25721090.166666668,28733921.0
0x80b1adf81a6a7b7a8e1f587abf29dd0445b5eb5e,6,20000000.0,20000000.0
0x49b52b7f1b7e71b4bc573545277502889e692d6c,6,18637813.5,18638334.0
0x0b173d0cf15a21381e40d4aa7e702834d9780aa5,6,20000000.0,20000000.0
0x67abae94137ffa43d1a08a6dffa2268764cdf36a,6,28328384.5,32628512.0
0xe592427a0aece92de3edee1f18e0157c05861564,6,24112225.0,32400000.0
0x68b3465833fb72a70ecdf485e0e4c7bd8665fc45,6,25779336.0,34133238.0
0xad2939fa703143226c1b334909e632b035562933,6,17353323.0,17665915.0
0xc2882e43af4687409171eddc69c9b32aae75ed97,6,20000000.0,20000000.0
0xf3de3c0d654fda23dad170f0f320a92172509127,6,28086962.833333332,34199380.0
0xc01318bab7ee1f5ba734172bf7718b5dc6ec90e1,6,25040170.833333332,34033341.0
0x784ca0c006b8651bab183829a99fa46bece50dbc,6,26333333.333333332,30000000.0
0x078b1c03d14652bfeedfadf7985fdf2d8a2e8108,6,26119245.0,30449604.0
0xcf5540fffcdc3d510b18bfca6d2b9987b0772559,6,23576318.833333332,24442113.0
0x66a9893cc07d91d95644aedd05d03f95e1dba8af,6,21361024.666666668,33278956.0
0xe4ff95557f9aba07507ac0851a54c1244be4b723,6,23681766.5,33801188.0
0xa217f273820318892baa83188c70d7574c3d7710,6,23437634.33333333,26367945.0
0x17f281ee8e17b54fa980043db71ce6d5cc87dff5,6,25658337.33333333,31765423.0
0xea6876dde9e3467564acbee1ed5bac88783205e0,6,17194941.0,17433370.0
0x89e488715562c9f2200e5f277d78c5da9e2fa41e,6,20000000.0,20000000.0
0x114f53dbd52830170db06c9399e993b72a449ec4,6,29030392.0,29044440.0
0xa551ab6060b40d3b25c8fd1a5fc2008517a1ad0f,6,20000000.0,20000000.0
0x245eb1a790ac81a7097feb78bf475fdc0567ec8d,6,17101132.833333332,17101308.0
0x6ee977124dc2ad988303d5a75eb11ce9f34c710a,6,17690295.0,17737663.0
0xb5973cabd553f34c32ae2fbc91c94b3bf76db62e,6,19082556.666666668,19676129.0
0x00575b34ec3c88b4480a16fab527e01270b0a582,6,28243215.666666668,34200000.0
0x847b5c174615b1b7fdf770882256e2d3e95b9d92,6,23333333.333333332,25000000.0
0xa2f8cdb0fc716acf8dfae2bb552d590bd59018c6,6,17054279.666666668,17062590.0
0x45d85c0a1168726bbee2352d78e7647f70654d56,6,23847060.666666668,29626530.0
0x3bea26866fce3596e7e994e45a0a65b74e16947e,6,26359586.333333332,34545729.0
0x80bf7db69556d9521c03461978b8fc731dbbd4e4,6,19976031.666666668,29976865.0
0x82bf455e9ebd6a541ef10b683de1edcaf05ce7a1,5,19054820.4,21970160.0
0x283e6a6e27365a7363a8e8011d5bd24735c8ae23,5,27351187.8,28500000.0
0x3c1765a07bcde6908b1d6ca5bed6e2ea3667d257,5,27234001.8,28295945.0
0xd95c1b65255eb69303c0159c656976389f8da225,5,18947768.0,18947768.0
0x1c9b543244c7d38776132481203f4eecfa6b3dc0,5,22128313.8,24685314.0
0x2b8bc3f432f5a95aadd0593d39e8bf8a0174b7a4,5,23941571.0,25000000.0
0x7ec6f45093d830a1867d8562b3cd5b090faf059f,5,23296000.0,28900000.0
0x924233bbf26b46752977d4c968fbd5a7242db808,5,20000000.0,20000000.0
0x7f3d609ae33edd47c1ec36a8b4ec6034dbe7e1e9,5,18301149.8,18500000.0
0xb2a51f4a3f3a6a0bf653763bf50830219dc5e62d,5,27986933.2,35760542.0
0x84ffdc9de310144d889540a49052f6d1adb2c335,5,23697114.8,25724726.0
0x000000002b0184b12e908bf97941f2f5385c9820,5,20864108.4,26008297.0
0x4a27e0b3efa2b632e9b8b91941918939b6e721bf,5,30000000.0,30000000.0
0x00a6a98fa15bb673cfb736c57b724e95309dee54,5,21446495.8,21448584.0
0x004395edb43efca9885cedad51ec9faf93bd34ac,5,21115017.6,30616404.0
0xf01da459f4550dad31f19e4cfe2ed6be93219a66,5,25000000.0,25000000.0
0x06450dee7fd2fb8e39061434babcfc05599a6fb8,5,34120002.8,34200000.0
0xd35a289c1d5f6f6a604d6026111109694e51ba25,5,23526830.2,26286170.0
0x5a0aae59d09fccbddb6c6cceb07b7279367c3d2a,5,28842483.6,34212418.0
0xc7f61e837d823f695a2c8305001f94f224622948,5,30000000.0,30000000.0
0x8923c548b18e0b34b4c2c102734c400bcb7e2472,5,30000000.0,30000000.0
0x130282ad40307c89c79e49447f7347fb9f1d50bd,5,25358906.8,26686673.0
0xcea8aaa918bc6c19e5b77841ebd77ff3188385af,5,24795164.2,35964845.0
0x4095f064b8d3c3548a3bebfd0bbfd04750e30077,5,20000000.0,20000000.0
0xc2819dc788505aac350142a7a707bf9d03e3bd03,5,24000000.0,25000000.0
0xceca2e90e3bd817bd6174fe0520717138dc1dc47,5,28311724.2,28311891.0
0x000050eeaaca255253e0addbb7b2353b4e4b0000,5,20389516.0,20605466.0
0x6898e4394abfd96a3d8044dc2f0b5d38dd03ef05,5,26919028.2,30000000.0
0x18dfe3743ee540b3417acba83cc92d1de2120a1a,5,20000000.0,20000000.0
0x0000000071727de22e5e9d8baf0edac6f37da032,5,28252588.4,36000000.0
0x35878c2cff38cc4032e85283183428170ba618a2,5,20000000.0,20000000.0
0x90334b621dc068d54e09c9f5006a67052dfb7d07,5,18637614.4,18638200.0
0xb6c0189080a6441caf056b856dd4d795b909c460,4,22165399.5,22167498.0
0xb244b3574a5627849fca2057e3854340def63071,4,21991006.0,22925523.0
0x08e014b9f7d47a5921dc664bb3f8a35e4a019412,4,25035182.0,25858132.0
0x1e68238ce926dec62b3fbc99ab06eb1d85ce0270,4,19658127.75,22518316.0
0x1be5066d56336d1d0a567aad9af5accbcef75bc3,4,18097219.999999996,18101754.0
0x50b8f49f4b2e80e09ce8015c4e7a9c277738fd3d,4,19599999.999999996,22200000.0
0xa5a1bd3d6fe061a8bb775912517be4c618996b92,4,28590448.5,28667064.0
0x9522fff064bcb2f319c330a72ee57195775168bc,4,18913896.5,20169470.0
0xce6644425161d73e8865804673bdd90b15314712,4,20036712.75,22167818.0
0x8ca4cb4b261d4e26fafd4bd40427a2b2dc93413c,4,20000000.0,20000000.0
0xf86082f6bf8bd9ffc02755f65fc3d7ec7d1a0ffc,4,19514783.75,19629222.0
0x493e75825b862c355a4263c9c1cb6f650539b328,4,28157342.25,29314558.0
0xd375e9d0cbc12813683ffb0ab9bf85fbf83aceaf,4,28687324.0,28806343.0
0xef2d3fcf79927ce06237dcc80ddd75f3ef40151e,4,20000000.0,20000000.0
0x66a0f676479cee1d7373f3dc2e2952778bff5bd6,4,22049737.75,28249016.0
0x3fdb3d9b45898b95fc4d21294597b3e316e96040,4,22581519.25,22600000.0
0x02bc7348b2566507fbf5be35ca7c68f573324afc,4,18693199.25,20530986.0
0x91420b3fe0a6ff050b88ef238d8a71c720dcfe90,4,27688284.5,35000000.0
0xb47e3cd837ddf8e4c57f05d70ab865de6e193bbb,4,26284622.5,30000000.0
0xd5c4800ad0cf814a75f4dca774daa0e726135ef8,4,24049999.75,29999999.0
0x858646372cc42e1a627fce94aa7a7033e7cf075a,4,25000000.0,30000000.0
0x2fd1b2d619c752bde74667c3e262be4133dc2aec,4,35176529.5,35189189.0
0x902f240671a0404438beaa642a6e7fc4620bf4a9,4,20267213.5,22814190.0
0xd69e898a5c2c5582f5e3b37d16aa769552893146,4,25600000.0,25600000.0
0x8bc1af5bfabc7a35e446bf6d135b0cb4dc1c421f,4,17597465.75,17674401.0
0x309a862bbc1a00e45506cb8a802d1ff10004c8c0,4,21877022.0,24639144.0
0x72a7cb4d5dab8e9ba23f30dbe8e72bc854a9945a,4,22090777.5,23599987.0
0x1e60f4eb916902b754e35a4a2ee887d7983a8389,4,18574192.25,18686354.0
0xe2c5658cc5c448b48141168f3e475df8f65a1e3e,4,20774753.749999996,23657236.0
0x68d3f0338a399859e2ae4c093f630959693d334a,4,21445000.0,29020000.0
0xbf106fe57b6b630fa812375e7dd7557ed5e97fb9,4,21392126.25,21407336.0
0x765b7ab072ddeb85677a8f90675485d8d3486fbd,4,32320747.75,32399600.0
0x7e8d63279cc0b8299ec469a928ac12ef3ddda160,4,17937500.0,19250000.0
0x2fe158f89f32c9c5e6c7082487dbb26e42071512,4,17230274.25,17315356.0
0xa72d59d650b915f247b85a2aa628d2d6c5849b71,4,24831338.5,24837604.0
0x16a293d9d75f56dcafaf47c44fb7353976230714,4,28046920.5,29999999.0
0x6d5b183f538abb8572f5cd17109c617b994d5833,4,22500000.0,25000000.0
0x40b5b9561ff83dbb23cd1b0e82254bde9f1459ac,4,33211199.75,33224126.0
0x00002c0000df0013b7249ae21000f265908aa0e1,4,17855871.0,17855871.0
0x91b88267624b45cb9eddd6c4c309a31819288887,4,29713681.0,29810827.0
0x00000000000000adc04c56bf30ac9d3c0aaf14dc,4,34191642.25,34200000.0
0x5f71d8de858fc038d0e19a5063940dc86a4e6268,4,34199966.5,34200000.0
0x9be0c82d5ba973a9e6861695626d4f9983e80c88,4,19953342.5,19958990.0
0x4f5d4546d105f8361a5a7d7a88b1ad092991f7a1,4,34424796.75,35994499.0
0x7c28e66436c93bb9f657ddf2ba0eeecf61369b92,4,17266079.5,17308897.0
0xba5ed099633d3b313e4d5f7bdc1305d3c28ba5ed,4,20000000.0,20000000.0
0xdcd84989a0b351745827b0c8f21d86b9acc5525a,4,26065000.0,32065000.0
0xed0e416e0feea5b484ba5c95d375545ac2b60572,4,35743961.5,35744123.0
0xbbf96d0f7dbc167ebcbb1429570e5fb4336ddb54,3,23691155.666666668,23813060.0
0x8e18fb32061600a82225cabd7fecf5b1be477c43,3,27653147.0,29861047.0
0xda158b39d630c008308a5c4b0c5ecd980aab5a6e,3,17295398.0,18192498.0
0xb24bb85cd65f0e3b47645af1f11659df4404a53f,3,24874978.666666668,26677489.0
0x5bea039db7a516a2f1c258fe002c9ec9ac75730d,3,23102156.33333333,23230532.0
0xee495ea5f02b097f717bd72dd5b882f663b920d0,3,21490984.666666668,21491586.0
0x35a559e1e41b1137c02a6d683663a5564fb9570c,3,20339032.0,20339092.0
0xefc39e5d66f6dfdd9708d1f88a3ee3d4041181ef,3,28509276.666666668,28527830.0
0xaf01353118eb6100d4e1bcdcb54268a46d1721ff,3,30000000.0,30000000.0
0xa290740f072746f214e45fe915166ff5f6e36a36,3,21134310.666666668,27586857.0
0xe099c219ab02a5e9e6c3b49e4dbada6b574c8153,3,18349802.666666668,18361281.0
0x7d08d1add8b71b9b4c4c42f599810c5af276e370,3,21596113.666666668,28509523.0
0x76c7e85c3159524f64498a45e73f5679e3987948,3,27088006.33333333,27158427.0
0x6a453828e3316ae7633e4bdc84bbf251e862ab48,3,28677032.33333333,28891699.0
0x17ae7649db068e56602d410472facb2e00471194,3,30729144.0,30740590.0
0x76da6eb8c7ba072937e917286d3a23dc7ccbed99,3,21448360.333333332,21711079.0
0xbbbba1ee822c9b8fc134dea6adfc26603a9cbbbb,3,23406907.0,32305113.0
0x09fe5f0236f0ea5d930197dce254d77b04128075,3,28839395.666666668,34166570.0
0x5cfec4bdd1b999e9d6c44400d75825a43f502b39,3,20368866.0,20368866.0
0x5a1e5cf8680cefa2cc6ffa4d0e0e0637c3a93301,3,30000000.0,30000000.0
0xc6c856ab43e76b304230a31ecd9ad916b8b6f8e1,3,29027800.0,29027800.0
0xd717fe677072807057b03705227ec3e3b467b670,3,26356608.0,35894195.0
0x738e79fbc9010521763944ddf13aad7f61502221,3,17850000.0,18200000.0
0x6b27e8d4f299127f62381bb5567f49df43381466,3,26626390.0,31202919.0
0x2362b67e00ad8c53c7131eb2c27ea72c5d85127f,3,20333333.33333333,22000000.0
0x99a829ba3165e36d59fee9158ea05043795b6dd0,3,27370799.33333333,32368174.0
0x4e20c9c793679975bb14f9ab0170f2f2e937a788,3,19152183.666666668,19628097.0
0x1ef032a3c471a99cc31578c8007f256d95e89896,3,28953937.0,34200000.0
0xe95fae143cb2d214274d9a33a47efe5665806f21,3,22865001.33333333,28114649.0
0x19fdb4fd58063eaba7f46ebeff5ed5bd4bbd8af6,3,18951076.33333333,20367077.0
0xa54158435c1b73eb7e675eea0a2e42d67c6ab320,3,18620837.0,19165529.0
0x49ed78d34b9b5fafae360c19b62ebb0fa66b26b7,3,28364050.333333332,34033244.0
0x482fdd584586b64630159b1558d2f5818fbec763,3,21371920.0,26957108.0
0x014d023e954baae7f21e56ed8a5d81b12902684d,3,17191964.0,17552545.0
0xc18c07a18198a6340cf4d94855fe5eb6dd33b46e,3,34199977.666666664,34200000.0
0x42cf536467f4fa474010a16f66a3fa7576f987d6,3,26175305.666666668,30780867.0
0x5954ab967bc958940b7eb73ee84797dc8a2afbb9,3,25000000.0,30000000.0
0xb5a41be728de8eee99074b55f3df1d34f26c5ab5,3,32357773.33333333,32400000.0
0xe0b791529f7876dc2b9d748a2e6570e605f40e5e,3,21167519.666666668,27071105.0
0xa88015d3f5e988799b81814dd0255a55384c70cb,3,22865570.0,22882908.0
0xa2c3bddfe910ddc8e5fc1b35dbb7766b943143eb,3,30049015.0,34133206.0
0xd7f30fe8aaed4816919a26ef6564b8d3be96e46c,3,26267097.0,30000000.0
0x0bb6cb984873daf46e83641232772e52365e24f6,3,30000000.0,30000000.0
0x95dc6a00a7380000c299628dde395f0000009800,3,19674891.333333332,19685818.0
0x605390a10e10c46a4a24a9804ca4a1730a90f665,3,24000000.0,24000000.0
0x1d94290f82d0b417b088d9f5db316b11c9cf220c,3,24563280.666666668,25372270.0
0x07d9d6fd8856f8da17dc69424264442f4eab488d,3,28783384.33333333,33206891.0
0x33ebaa913480959782663eeee7aa5d566f3971da,3,25600000.0,25600000.0
0x431ad2ff6a9c365805ebad47ee021148d6f7dbe0,3,34177701.333333336,34199933.0
0xec4d0a5afc903261e99b6d382ffcacc02d18ae16,3,27162056.33333333,29623002.0
0xddb873378b54e74b4545489ed8f98c0ee66d25cf,3,20000000.0,20000000.0
0xb7e852e169f8104396fff7c25430299bbdac91b1,3,23070569.333333332,27348266.0
0x1e9ec044853611f4bcd4bbcfe7657508bd1c53d3,3,24912913.33333333,25078835.0
0x7f961d7788563c7d7d9d4eca0ac2f436157e94bc,3,22872791.333333332,28085442.0
0x4e7a12532f1c4b5ed6bb6420914bb0ba82a1fc7f,3,23315503.33333333,25000000.0
0xf724cb8cf71e798612b932e509e5d5b542e2c595,3,30000000.0,30000000.0
0x429cf888dae41d589d57f6dc685707bec755fe63,3,20000000.0,20000000.0
0xbdb13add477e76c1df52192d4f5f4dd67f6a40d8,3,24748601.33333333,27048569.0
0x0b9ea18d3e15242094859cab100829fdaf35dba9,3,25000000.0,25000000.0
0x66a3c2fa3e467aa586e90912f977e648589cabaf,3,27619538.0,28210218.0
0xba1881492b792da80d72b5942d4abc5b7afabf1e,2,20485074.0,21420495.0
0x26dc6d34d6d0abb3c576b4e36e90354656a6bda5,2,22462219.0,22602465.0
0x0b50db7741d8ae977461d882de1768b0080e5690,2,25162255.0,26765896.0
0xb336120472e7eefc2cdfadc6d4bf2570ac4d629a,2,25000000.0,30000000.0
0xc0a05d232e62e283fc41ed42170552b14fbc98c2,2,21407426.0,21407426.0
0x68378fcb3a27d5613afcfddb590d35a6e751972c,2,21608454.0,21608454.0
0xa295310de52b86f236a815afb2f518f3c0f5a6d3,2,20889585.5,22291867.0
0x75ff2d554afe3f9631bcbcd28d24cffc8dd27642,2,28500000.0,28500000.0
0x9bc0a1ed534bfb31a6be69e5b767cba332f14347,2,27070462.0,27070462.0
0xdf61ddd4af447a7fd6e39ca33d8dc4f274c423fa,2,28500000.0,28500000.0
0xb77c7520574795d4cb5766920044a2bfdea6ad1f,2,27396280.0,27396280.0
0x188912ef6f4819f45c04011e40a92a2bbc19e1cc,2,28541264.0,29536561.0
0x09350f89e2d7b6e96ba730783c2d76137b045fef,2,27242109.5,27484219.0
0xac68270c8fbeaea00a6a8d856c96978dda038912,2,27013182.5,27026365.0
0x9ab79ee7ca035d3f5b162f475fa992383de40f12,2,24017937.5,25000000.0
0x4e15361fd6b4bb609fa63c81a2be19d873717870,2,28500000.0,28500000.0
0x06b964d96f5dcf7eae9d7c559b09edce244d4b8e,2,28500000.0,28500000.0
0x4f092b72d72b75da1b5b38b11183d68555ee0900,2,26556926.0,26816703.0
0xa9ba1a433ec326bca975aef9a1641b42717197e7,2,27000000.0,27000000.0
0xfa39257c629f9a5da2c0559debe2011eef7c1e9f,2,18033655.5,19184636.0
0xb22a26c6da22cc4686560a45469bf1654bf4f3cd,2,30000000.0,30000000.0
0x8947bfd0975a9e0722c355f17011ceeddae0060f,2,29000000.0,29000000.0
0x58263663588c178478de9bc5b5499e02ce882cff,2,18775000.0,20150000.0
0x07d739f025f816a56388f01d566f8e08e6c80651,2,19785462.0,19816351.0
0x28ab54c6e4ff2d8c4c0333738a1f76c07551bf97,2,19870000.0,20870000.0
0x39ddee2ee5df625ef91d509ab40e926bbd83cd0c,2,16863556.0,16863556.0
0x541f2ddb9fd0454427517d72980b99004a7a67ab,2,17998197.5,19181146.0
0x7ac39ba6e5e4c4cc57ec30feecebdd898bc4e850,2,28513915.0,28527830.0
0x1108691fad7ce639fd465e870936f13161741530,2,30000000.0,30000000.0
0xc4e6b519e791e517e213ff2253c41daf6f692ccd,2,30000000.0,30000000.0
0x65396f42981f67a4ac622bd56530fabad04c7c12,2,17830793.0,18263230.0
0x5898e34af1b704f3ea4f9cfb415db011b238deba,2,20065000.0,20065000.0
0x33333333334b217d50c4459d8da6c7481b097fae,2,17703561.0,17703561.0
0x0efccbb9e2c09ea29551879bd9da32362b32fc89,2,20223284.0,20223284.0
0x207aeee01d21f26a7404bb41314d8003abdbfdb9,2,26910643.5,26961165.0
0x4a836ef6c129a2c96cae42fa367c7d229c5ea802,2,28640907.5,29281815.0
0x97e6567c3b63d2e0ec4ad0b96b356c675da1ab7e,2,18133793.0,19326027.0
0xec99492dd9ef8ca48f691acd67d2c96a0a43935f,2,27131724.0,27131724.0
0xb4ea05f133b2562866a800475edc7db57950e0d3,2,19486688.0,19486688.0
0x8b72452beed461aece838f340a28ca3b8bf52321,2,27763223.0,29827822.0
0xa75c21c5be284122a87a37a76cc6c4dd3e55a1d4,2,20000000.0,20000000.0
0x8009480094a0abe9af54998f9c18a4eacfabc1be,2,34099808.5,34133238.0
0xa74138c42c0fe3cb7a5322afe0efef2ae696d772,2,31881201.5,31927817.0
0x1111111254eeb25477b68fb85ed929f73a960582,2,27613831.5,34200000.0
0x9f1a8b673daa2451db8f93e880035ef6afcd2159,2,24871338.0,24871338.0
0xcb52f0fe1d559cd2869db7f29753e8951381b4a3,2,30080841.0,30080841.0
0x9ed181da6b359c3ee23c1d6912a6b4b0c349a165,2,25320859.5,30452181.0
0x1981d9944f0add9629644e824b4af51fe942ee90,2,18688947.0,18688947.0
0xf3d0672a91fd56c9ef04c79ec67d60c34c6148a0,2,30617041.0,30617041.0
0x4e502ab1bb313b3c1311eb0d11b31a6b62988b86,2,30000000.0,30000000.0
0x290a660b90166c00a2ec9d20265f489ca76dc649,2,25606995.5,28080699.0
0x5733effc9d44843cde91e5af93058834d092cd45,2,28329748.0,34133238.0
0xb20b9fb2657bc527cc8a5cb707071095113cab3b,2,24747123.0,25261929.0
0x5269eed89b0d04d909a0973439e2587e815ba932,2,27025318.0,27025318.0
0x5fea4413e3cc5cf3a29a49db41ac0c24850417a0,2,17070758.0,17070758.0
0xadb0c800d2684b1098d2a6e78ff75c2aa1496ce5,2,19804027.0,19941644.0
0xa1e2481a9cd0cb0447eeb1cbc26f1b3fff3bec20,2,34149675.0,34199869.0
0x3aa95a8ee3852f3bb8652c3daaebba98bf943755,2,22593847.5,22600000.0
0x55d202178bfca53b89340be07252b3b85a396e78,2,30000000.0,30000000.0
0x451cb22ba4b600136af8654f2d2f1e1366784b8e,2,20752416.5,21420439.0
0xded796de6a14e255487191963dee436c45995813,2,25743600.0,25743600.0
0xecc90d54b10add1ab746abe7e83abe178b72aa9e,2,30000000.0,30000000.0
0xa4bde9c83ff1dfc351505304d5d5423ba260e0a4,2,24733757.5,27781813.0
0x6d1d1ebe7da598194293784252659e862d55b52c,2,24300000.0,24300000.0
0x236b8f6c3d9b06de16fc98f7dc448d2a050cd2e4,2,20000000.0,20000000.0
0x41ab1b6fcbb2fa9dced81acbdec13ea6315f2bf2,2,25000000.0,30000000.0
0x8637d9c98587bdc07b78a00e0eea3aa490ac3ce3,2,30000000.0,30000000.0
0x5f0e7a424d306e9e310be4f5bb347216e473ae55,2,24105158.5,24196050.0
0xe0d467bf7ac2780e8b51b40714431a10ea1f2256,2,28543994.5,28560159.0
0x81463b0f960f247f704377661ec81c1fd65b5128,2,27618180.0,28365599.0
0x98e37f18527aee67b0f73bf791a67cc7a9b40db5,2,26045019.0,26045019.0
0x941f40c2955ee09ba638409f67ef27c531fc055c,2,24587695.0,29599987.0
0xa0bc76fb2f4e04899fc498c39657a872af591648,2,29210884.0,34200000.0
0x474da25d382a8dab5a2236eb0441ad4f1dade4c5,2,17505550.0,17505592.0
0xd6cbdc161668f4b7473f9f3b71bcfd9a094c0cb4,2,34116555.5,34166602.0
0xc059bd20ceed2cdd2002714327833b15b3299210,2,17574577.0,17643502.0
0xeeeab77311acce38f8a09c8cd2a87a3e598ee480,2,19320150.0,19320150.0
0x5a8c4e179108d0af2d58f03409ea18f87ce3f835,2,17643387.5,17643430.0
0x4c4ac03c1bb12af4229d0019444a9048a8cae60b,2,28500000.0,28500000.0
0xa356867fdcea8e71aeaf87805808803806231fdc,2,28522273.5,28609153.0
0x90685e300a4c4532efcefe91202dfe1dfd572f47,2,24500000.0,29000000.0
0x5e5a1ee6bea02d24b19c322006614902ed638ba5,2,34066607.0,34066607.0
0xd9ee38188e321b686fa54bfae0b327206d99783e,2,24583369.0,29791684.0
0x06a3dcd6a78300c354d4b194446961f2bb1f511a,2,17027889.0,17241960.0
0x792fec798d2f3a4d00c9e9a56791ce3a1c4134be,2,25600000.0,25600000.0
0x0c9a3dd6b8f28529d72d7f9ce918d493519ee383,2,18278368.0,19463980.0
0xd209867f58ea16f04ae3700c0a23ced5deb20dee,2,20000000.0,20000000.0
0x72fe31aae72fea4e1f9048a8a3ca580eeba3cd58,2,18334450.0,18334450.0
0x8c5782ca21e1a865da6e5517fda5ec89270e741a,2,25600000.0,25600000.0
0xfd636ad7bce4fad314bf8ef960b41fad415508dd,2,30000000.0,30000000.0
0x832ee4c9a8008b2c97b31c77ec3638aad745ac98,2,29021272.0,29021272.0
0xda5e1988097297dcdc1f90d4dfe7909e847cbef6,2,34183251.0,34199900.0
0xdd1ee6ac58204a5e2f633ab548cf474a4237d0d5,2,30000000.0,30000000.0
0xa5f8911d4cfd60a6697479f078409434424fe666,2,24680832.0,32336691.0
0x8dd5e0b6d0e37be0c5d5ceb9c4c8f3ad891d3a1a,2,31325872.0,35091317.0
0x9c9499edd0cd2dcbc3c9dd5070baf54777ad8f2c,2,34149953.5,34200000.0
0x8289c5ee9a78bcc0187d31f725ef11a2df9ded6b,2,21700122.5,24860057.0
0x9bf1110f9bae5d8003ec04eae663fd1b18fe654b,2,34544470.0,34544470.0
0x00bf0b30655a43af93c1b371be021bd4567c51d5,2,30383291.0,31251581.0
0xdd9bc35ae942ef0cfa76930954a156b3ff30a4e1,2,30000000.0,30000000.0
0xbf40b6273e4df4012b6a284685151b2d21bfa833,2,19915400.0,19915400.0
0x627a32c64b13eee9ad418c7fc8dd1be28cb1d543,2,24953541.0,29921808.0
0xa14fdac4ec09bbc7a1356fe5b50dff5e93260a3e,2,21148332.0,22020096.0
0x551fc96130d7cf598c445d010c08705c67dbdd9c,2,20000000.0,20000000.0
0x3eb3401b2defc1dd18a6089b737ee414f14ad0f2,2,22508084.0,22575296.0
0xf33459e0cbfcdaed34507bc461a7bc5aa692539c,2,35064857.0,35133377.0
0xb0c4c487c5cf6d67807bc2008c66fa7e2ce744ec,2,20000000.0,20000000.0
0xaaa000e1b72bf8dfa74c958e19e925c0bfae9ded,2,22148322.5,22184940.0
0x00000000009726632680fb29d3f7a9734e3010e2,2,32384134.0,32399969.0
0xab2ab2277b5939ffa32843406282b396f4ee1bbf,2,17394803.0,17394803.0
0x00000047bb99ea4d791bb749d970de71ee0b1a34,2,34365481.0,34365481.0
0x56f9d27f20d922e02125371c19624c5408167152,2,28311661.5,28311674.0
0xa5d55281917936818665c6cb87959b6a147d9306,2,20929846.5,22079215.0
0x6fedf174da6133f5375c84c87b71864cba0aae43,2,19510249.0,19510249.0
0x5885fd6aaaf87018f23830a0addb57b3d6a4d01b,2,33307050.5,33447715.0
0x000000860cb6a507dd1956e41c2cf03e438855a5,2,18115200.5,19293750.0
0x434893c3099a6737eea2debb0d70beec9eba563d,2,34520342.5,35761635.0
0xe99907f66f769352eeeb96aca8cbe2f4a90e6e94,2,18120040.5,18536969.0
0x519e42c24163192dca44cd3fbdcebf6be9130987,2,32726043.0,32726043.0
0x111111125421ca6dc452d289314280a0f8842a65,2,26134719.5,34166602.0
0xd71baacbcb10720b16a63620605cb4b962c47d20,2,20455770.0,20455770.0
0x8638939d1a2c4f20bd1d2ff192056915132041ff,2,20000000.0,20000000.0
0x9a3c548aa278de1383fee60fec1b03cd07c0d34e,2,19078756.0,19078756.0
0xfb470c76781690016356b28d8751df27ba784689,2,22465000.0,22465000.0
0xeba26ebec79d91193e141a4be5cde61a89c805e9,2,34183301.0,34200000.0
0x69f5ff604b64942574043c7c989e69b1256196c7,2,28065000.0,28065000.0
0xf066789028fe31d4f53b69b81b328b8218cc0641,2,29197438.5,34200000.0
0x0ead9737b3cb679493517569606bfc02917ca426,2,22120383.5,22316638.0
0xe031c1f8b940808da19b74c1a080729d4aaa3549,2,21800257.5,21951354.0
0xc7a9c1fe756d3f300f22f1c408e084d2438d1d14,2,20000000.0,20000000.0
0xfa7093cdd9ee6932b4eb2c9e1cde7ce00b1fa4b9,2,20208255.0,20208255.0
0xd8e734fa9d779d242b0b905f8b2416f1491233ad,2,25600000.0,25600000.0
0x39238dd5b8444bb9c8525b84d9f5ea0107b946b4,2,25000000.0,25000000.0
0x51413048f3dfc4516e95bc8e249341b1d53b6cb2,2,16935150.0,16935150.0
0x48003fc38f46759a652c4705929fa801e2c22c26,2,34931138.5,35070404.0
0x7587d73ec14157440c01485555f81f31cf6c549e,2,19363481.0,19363578.0
0x7c01aa3783577e15fd7e272443d44b92d5b21056,2,30411494.0,30416686.0
0x8d86b22db87533bb9ed3cc773c1edafdfee60f77,2,23106603.0,25000000.0
0x8cc46532a35a23edd294618dbe4ed03dc1148d25,2,17635489.0,17635489.0
0xb42e412fd9d291c662fe70f80268133dfe80a3a4,2,25600000.0,25600000.0
0x9e8fb900fd86c8d6a4853f0dd9e7335547a89fe5,2,17525310.0,17525310.0
0xbc761bb00db9575aab014c6868b5fa05b372634a,2,20065000.0,20065000.0
0x5b38da6a701c568545dcfcb03fcb875f56beddc4,2,30000000.0,30000000.0
0xef58b643240178c2bc37681f8d4e50d7ec37ee22,2,21000000.0,21000000.0
0x73b62e2fac792ab10baa366cea4ab645114a6fbd,2,31000000.0,31000000.0
0x0d1d7514e77b600a6640b83aba256ddb5ffe52ff,2,27238035.0,27238035.0
0x2f64559d69a0e1fdf3750a92288ae3dd512b2767,2,18010628.0,18010628.0
0xd2601a20c2e8f5f1810b16e408c641d624b11ac2,2,34200000.0,34200000.0
0xaace9379184f2200e583e15bce873ad0f1b389f3,2,22000000.0,22000000.0
0xbd6555ec87c8a9a2280dcd6df45b9b074fc93df2,2,17001374.0,17152564.0
0x4c579d40a1efdb64a41dc07a290529656ce8ca35,2,30000000.0,30000000.0
0xdc1664458d2f0b6090bea60a8793a4e66c2f1c00,2,17381390.0,17381401.0
0x580a96bc816c2324bdff5eb2a7e159ae7ee63022,2,19595171.0,20028039.0
0x4d470d8ca054bd388f8072c7e25c9a1a867cbe0c,1,28369419.0,28369419.0
0x2ace033391ad46e5220e2490facf50031f67c08d,1,28500000.0,28500000.0
0xad9a35d9b4c256ee79bdd022189d18c4426d3d53,1,28500000.0,28500000.0
0x0000005e3518be7a49854ee5f6ec25d2de910000,1,19881034.0,19881034.0
0xd83de437678e2be5942d8a61e29d64898bc9ec83,1,28500000.0,28500000.0
0x9ecfed63c06cb3f407e4af3cac3171a4b7727aee,1,20596780.0,20596780.0
0x4d4f933e46187bffe9eb3fadfcbf2b7141b9e4de,1,19000000.0,19000000.0
0x604dd02d620633ae427888d41bfd15e38483736e,1,28500000.0,28500000.0
0x077803f29b846db44d195c965ebf157cd29e146c,1,19625607.0,19625607.0
0xfa44d2146dfc209131bc00dd1cefb2a275f7c869,1,28500000.0,28500000.0
0xd1e8d1203efd52d15206e577bb55c0b6f6a889f4,1,21407160.0,21407160.0
0x6e3fddab68bf1ebaf9dacf9f7907c7bc0951d1dc,1,21000000.0,21000000.0
0xc1640dc0424d717547487033568719c7dba1dbd3,1,25000000.0,25000000.0
0x642fca62727137cf9927065c44c3fe5ca9331864,1,28500000.0,28500000.0
0x4813b5faacf2d641f16b6664e18d5a0fa7d8a4bc,1,16911394.0,16911394.0
0xfe5ff14105646380d67bf655fa4e4a875d4a7b16,1,20565000.0,20565000.0
0x0b5ee5223b8eb58bacb24a7201fd3cb2c2a5d2ec,1,20350533.0,20350533.0
0xa0ea143f14677cb12d0ff46587ca3d918683e47d,1,26765479.0,26765479.0
0xbe5350ee7f130549b5eed3bceab1cd4451609015,1,28500000.0,28500000.0
0xfb9387495e35b486672d48ac3bec47f7fb9a8d4d,1,19200000.0,19200000.0
0xb025fa0e5224cc6513b83a786f808c735a3cf013,1,19033166.0,19033166.0
0xc8fec39aa6e80575bafe7e7b9a8b2e15762a7175,1,18000000.0,18000000.0
0xd40ba571a248edc1c95db986cdff66fc4fd310a2,1,29158830.0,29158830.0
0xf2458bd228d8a39b64bd3b9f84890e957cac3bbc,1,24591641.0,24591641.0
0x9d6fc082fab18acbeea9ba088d19b203f9cf0a0c,1,18079783.0,18079783.0
0xd9140090e40cf13c14a8422faeeb425393fbfd5c,1,27026365.0,27026365.0
0xaeb0c00d0125a8a788956ade4f4f12ead9f65ddf,1,28527830.0,28527830.0
0xdd180c6387468e1cb3d4a592016e8fe0ae8cc35f,1,20000000.0,20000000.0
0xc5ea1c5f50321899e653ccda2bf37aaf1d366b89,1,27000000.0,27000000.0
0x3ac95186663df32a703526db5d039beb3eb6835c,1,18701826.0,18701826.0
0x49bd168e9c37062a9be18f64b0a760478ec1702a,1,21813927.0,21813927.0
0x10f4d4ead6bcd4de7849898403d88528e3dfc872,1,28500000.0,28500000.0
0x7866e184d67c2e6bb047954893fca71917cc0d05,1,16990891.0,16990891.0
0xbe0217ec718bb973291577253ee2ff918a988727,1,18827890.0,18827890.0
0xa2a1bf5a83f9daec2dc364e1c561e937163cb613,1,18751195.0,18751195.0
0x0d888698b7e60e82132a759b6bc5d849aaa5dcf8,1,28527830.0,28527830.0
0x7997349fa5a0a79085778242dbe1fb9d8f5c475a,1,28527802.0,28527802.0
0x79a1579186ee117e8101fdbfbbdb739b42baed70,1,30000000.0,30000000.0
0x648bddee207da25e19918460c1dc9f462f657a19,1,28527830.0,28527830.0
0xf2614a233c7c3e7f08b1f887ba133a13f1eb2c55,1,19385082.0,19385082.0
0x7ad7692022c99b88e9ccf8bf0345a72a2ce38862,1,17147375.0,17147375.0
0x1155d79afc98dad97ee4b0c747398dcf5b631155,1,18450223.0,18450223.0
0x157be16daa4498b555654e1705eaec7dee9970c4,1,19461379.0,19461379.0
0x2f594771685f9e03f1b7e70a0c43b6f6aca2c4ad,1,17381470.0,17381470.0
0xe3949a30971d0adfdcfdd47a8b3b4a7f7a9aee13,1,28500000.0,28500000.0
0x569967fbe77c9e0d7543cca154e2db933f653f1d,1,19345410.0,19345410.0
0xce5ce2cbfea20b22d946e724197779c9a5555408,1,16905784.0,16905784.0
0x9658b270cd1b52fdb7746103f494739a9e8fdc99,1,19245679.0,19245679.0
0xbc37ee54f066e79c23389c55925f877f79f3cb84,1,23571232.0,23571232.0
0x7384efc4db0a8358dcf99b5901fadb0623872de7,1,16905784.0,16905784.0
0xe555d21fea9efdaed6f577f261fa18a8bbd7935c,1,23314836.0,23314836.0
0x5e3ef299fddf15eaa0432e6e66473ace8c13d908,1,28527830.0,28527830.0
0x5d22c8b4e3c90ca633e1377e6ca280a395fc61c0,1,18091696.0,18091696.0
0x3bbd99b5d6a8080b67ee83e6ee1c22b8056ca6d7,1,29565625.0,29565625.0
0x9ad116e979d5cff33c7debe808eee72a0e649579,1,28500000.0,28500000.0
0x5df181774c478f891a6e0bd4c3af453f9baee8d6,1,30000000.0,30000000.0
0x5cc9400ffb4da168cf271e912f589462c3a00d1f,1,28555634.0,28555634.0
0x5ff137d4b0fdcd49dca30c7cf57e578a026d2789,1,19793528.0,19793528.0
0x783251f103555068c1e9d755f69458f39ed937c0,1,28611185.0,28611185.0
0xd683b81c2608980db90a6fd730153e04629ff1a3,1,20000000.0,20000000.0
0x931cf9f135a0cd54922256aac33ca6151ed735d3,1,29000000.0,29000000.0
0xa3931d71877c0e7a3148cb7eb4463524fec27fbd,1,28802085.0,28802085.0
0xdc035d45d973e3ec169d2276ddab16f1e407384f,1,28663019.0,28663019.0
0xefd63ad292f2a6979b7ee3ff08d6d8867f5b8b14,1,27583207.0,27583207.0
0x3eb12398753eed7e8747321c37c85de30d8e2e94,1,33933185.0,33933185.0
0x6fb149be7256c8362dec3b680ffaac5522f616ee,1,28450033.0,28450033.0
0xd06dd3395d45f8e5623a3cb6c1436acd1d896e3f,1,22195027.0,22195027.0
0x6d6bcac2266468a44da9fa482ca54aaed586e1e7,1,34199772.0,34199772.0
0xfa01bac62f3db27386e3208a851ed38fc0e47a23,1,33000000.0,33000000.0
0x25ab3efd52e6470681ce037cd546dc60726948d3,1,29022680.0,29022680.0
0x911d4bd34fda6d1d7808a116337b0b8050b2842e,1,16850864.0,16850864.0
0x9174df63e2a89020e58cfb111068074f736736f5,1,20770335.0,20770335.0
0x167cb3f2446f829eb327344b66e271d1a7efec9a,1,34133206.0,34133206.0
0x79ce8f93063f8be4573a58f250b003859ebb7a24,1,24716923.0,24716923.0
0x9e9fbde7c7a83c43913bddc8779158f1368f0413,1,21844658.0,21844658.0
0xb300000b72deaeb607a12d5f54773d1c19c7028d,1,34819468.0,34819468.0
0x8c9dc23cbd4fdee6688c5fb6ddfa543f7a5b75f8,1,27524499.0,27524499.0
0x120e3d70b6df098e0bde3ec0c6c82e70b84d70ea,1,34099420.0,34099420.0
0x67bd687573728dfbd8d279bf3413e3fc13c45df7,1,20000000.0,20000000.0
0x26b2ec4e02ebe2f54583af25b647b1d619e67bbf,1,19627299.0,19627299.0
0xd8667e75b513c84a7e44083766cd795a82835f77,1,18611069.0,18611069.0
0x4c381d4fda7afc274f53a6f48e7c2a703dee0191,1,22709802.0,22709802.0
0x6283f77db630d6fe69a454ef6cf626e98b117c9b,1,25053619.0,25053619.0
0x0d64169e82f1a3517e04611952cc027900c6c795,1,23899410.0,23899410.0
0x26140e0d60126f8987d48ac23329fb9a5bd77f98,1,25600000.0,25600000.0
0x5443d3188cdbc680b45fada31881cb3448acc861,1,30000000.0,30000000.0
0x0bfa35b9480208741d13948fa7db97ee307059ad,1,26102986.0,26102986.0
0x650a1f137b94cb10d28e60b3127bc38a020bbbf7,1,26102986.0,26102986.0
0x61a55feda9e48ae0650264228880ff17a9c45afa,1,29732911.0,29732911.0
0x0e220db87b78e5cde664d73e3eb905d7a8f0e4df,1,26094519.0,26094519.0
0xf48451ec0f7bea0d673d5229d2bd6eaeba850fc5,1,19999334.0,19999334.0
0x70270c228c5b4279d1578799926873aa72446ccd,1,16853078.0,16853078.0
0xd0ca2a7ed8aee7972750b085b27350f1cd387f9b,1,32407310.0,32407310.0
0xbaf15734525bf8f8e8eb2a52d87cf097ba258568,1,25600000.0,25600000.0
0x39053d51b77dc0d36036fc1fcc8cb819df8ef37a,1,20000000.0,20000000.0
0x3962f6585946823440d274ad7c719b02b49de51e,1,23830626.0,23830626.0
0x3a773ffaaf44baa79bb09daedc67f261f5964612,1,34000009.0,34000009.0
0x720dc668fbd733889c12966473dc17b0e6a2a0d3,1,33999588.0,33999588.0
0xfa5538d787b3b90ab8188c2f7e916cd70f368849,1,30000000.0,30000000.0
0x8ad954a9763f2cb685f4ace856787a6648e63dfe,1,34132419.0,34132419.0
0xc10a6195724810f48371d2a94e4f6a915e10ac86,1,30000000.0,30000000.0
0x5be6e0e0bbe7711dd118b9dc3c68ccf9bb9754ea,1,17930448.0,17930448.0
0xacf85c087b3bb2a2eb20b769b4c8eda613a006ae,1,18213520.0,18213520.0
0xc6222165ef586c5289aacf1f2fc17c71b3a2446f,1,30000000.0,30000000.0
0xf9e1fb1e2959b72918b0a908e8da88af46833575,1,30000000.0,30000000.0
0x05b56f2751b56e99fad68cf740303fa08dff6839,1,24093106.0,24093106.0
0xdef171fe48cf0115b1d80b88dc8eab59176fee57,1,19861100.0,19861100.0
0x3d17da0ee5d1ae813723b54848e54076dfa56b49,1,25508630.0,25508630.0
0x18a46271172610d27dcee6e14cb253203f7c6129,1,30000000.0,30000000.0
0x0010d0d5db05933fa0d9f7038d365e1541a41888,1,16825298.0,16825298.0
0x9159fc4881bd06d8bb7b887e5e550726cd52e42e,1,18179044.0,18179044.0
0xa54e5d5a4c4011bf4a467b54b0f4505b9ef7d024,1,30000000.0,30000000.0
0xff29a22a63b025f61ce778d2f3e027065958edae,1,27964408.0,27964408.0
0x6e8cc2bd8b19abb4c72b103ab87078a1acca194d,1,30000000.0,30000000.0
0xef650d5dbe75f39e2ec18a4381f75c8a4d4e19c8,1,19413065.0,19413065.0
0xfc99f58a8974a4bc36e60e2d490bb8d72899ee9f,1,23446300.0,23446300.0
0xd6ef30c15357d8a32577f41cf6c50c0e5c78ff63,1,20024400.0,20024400.0
0x9ac4ee539403e3f101b9ae3620926f2ded0d0b99,1,32400000.0,32400000.0
0x4e39453ae49dd36a11d4d894f310b5f3a6b5a011,1,24093178.0,24093178.0
0x9757ef2bf7b050bd9b26ce467d3cca5982dc64c3,1,30000000.0,30000000.0
0xe1b3f07a9032f0d3dedf3e96c395a4da74130f6e,1,19624153.0,19624153.0
0xc81fe08291720a245cfcda7a7405335e4310861b,1,20000000.0,20000000.0
0x6589f9b9c69574f52574b5af3bb9fb852e388ca9,1,22501866.0,22501866.0
0xf9d64d54d32ee2bdceaabfa60c4c438e224427d0,1,35964845.0,35964845.0
0x7814209ed1fa17623821fddfd9dbb70313886628,1,17678710.0,17678710.0
0x000001f05deaa3172eaff1c1df4a277ab8ed0000,1,26863557.0,26863557.0
0xe1adee8aecd8195371f5f9ca000750d2b081c3ee,1,30000000.0,30000000.0
0x17de592b740a9986862c567cad769472d1c21c07,1,30000000.0,30000000.0
0x200116c55b4a97f59da94ca8dd6e91337ebe0420,1,19125390.0,19125390.0
0x62471ae10b1e4c0b70c46b6773d471a5783e4d73,1,30000000.0,30000000.0
0xdacaec5ae74bb011c61dc71dc016783bae481865,1,30000000.0,30000000.0
0xee2e825f9d3a5d91f84831c5af9e4a61ade01d32,1,30000000.0,30000000.0
0x75bdb3a6569855057c4e59d8383a458d86a9d186,1,30000000.0,30000000.0
0xef512ea08712f00b6f3a6f54910901440b0d5bca,1,30000000.0,30000000.0
0x6823fa2705875aeb81262f9f96c3716617504ae9,1,30000000.0,30000000.0
0x32d8499b96dacb8dd59ddf252ebfdf28011ef408,1,30000000.0,30000000.0
0x48da71e5ab33550e0903c2cf8f35a470c81dd7a6,1,30000000.0,30000000.0
0x9b3039f8a46a4c14af6f9a2032c84fa7d814ce9b,1,20435883.0,20435883.0
0x50b5068466fe5742335b98d841830b18cdbdd83e,1,30000000.0,30000000.0
0x21a52996c1bf810ebf1dce023c00c6b412e0aeaf,1,30000000.0,30000000.0
0xb32686f95307ff8c5dfc175cb27c6ffc2ffd5862,1,30000000.0,30000000.0
0xe7cc8c07d869b175de0bbf7aa469263ea494fdcf,1,30000000.0,30000000.0
0xf02f99aa5019d695aaa2189958661252f80e0af0,1,30000000.0,30000000.0
0x33e43bed7ce6e530ea8b488fe0fc6c7cf349c89e,1,30000000.0,30000000.0
0x1fc54a5a85a95084e16d1dbd80fa09ea65cc761e,1,30000000.0,30000000.0
0x2a5dd576d6c09ae596721db46d97b3ac16b42d74,1,30000000.0,30000000.0
0xb8c4e9e2c4c2b51db103cd9d7bb19f866787d0e8,1,30000000.0,30000000.0
0x46652e251ef685334fb04d9b2664d2fc80de9257,1,30000000.0,30000000.0
0x84abb93fc8a8c3c731c2e799d201d71c8ad1a3ba,1,30000000.0,30000000.0
0x4073d61c50aba633a7cb91c4e9f644c600c634ff,1,30000000.0,30000000.0
0x796d515eb0c62d9b369a134c79c5e4f5c88b7fe7,1,30000000.0,30000000.0
0x4aa89b72f9b1a7831498308f8584d8a2ee16201a,1,30000000.0,30000000.0
0xde045788dc457daada1835ca5cd49f9f30114b34,1,30000000.0,30000000.0
0x6505e5574b65a4096d8c2288c9b0a93d576fe5ee,1,30000000.0,30000000.0
0x01cf52811deb802866f36a70c52a34ce7c51718e,1,32336691.0,32336691.0
0xa25027071f2b0f59d16aa47f943a3f6bfed72f1b,1,30000000.0,30000000.0
0x913f93329d911dfa82908edc9ee6ec8723af2fc4,1,30000000.0,30000000.0
0x9220495564467d8b6871088030bb9fb0d1226363,1,30000000.0,30000000.0
0xd18bd6bcd86272f985272d75463fff9b3f25d62e,1,30000000.0,30000000.0
0xb191c34d5d85897fef85ec67f9552f3891a53d66,1,30000000.0,30000000.0
0x88f893120ad984ed1e69471b138911e4060eec1c,1,30000000.0,30000000.0
0x7a583204787cf8bde02e8396879a8541f1a287fc,1,30000000.0,30000000.0
0x016036f6a357a4886f90c13e5ea0b370e404c630,1,30000000.0,30000000.0
0xd7955881106a9a10df2686ac80e15a5eaeb2f56d,1,30000000.0,30000000.0
0x138507894b724ceefc7a32361dab56c128568969,1,30000000.0,30000000.0
0xbd84e8a87fd9f85ce626fb6bb40766502f2ad6a9,1,30000000.0,30000000.0
0x4ec0bc2c1c33ea1d032462997824560f02352202,1,30000000.0,30000000.0
0xe2006ee2018a776316c79fc556ad30610d5b6d05,1,30000000.0,30000000.0
0x0528725f20adb760d4a3bf854f354f787d153e24,1,30000000.0,30000000.0
0x5c7be2d3f2cb86021ee7014ecfe6647ef73b4534,1,30000000.0,30000000.0
0x308b2747e42ea093a4cb16cad02f65ba4482bd85,1,30000000.0,30000000.0
0xe1e65e883c4d53ac7f7cac12338ca925f2f89e61,1,30000000.0,30000000.0
0x96ceba607041971c370368e424852ccc2db5d014,1,30000000.0,30000000.0
0x400e911ff1225821f93d8aaa77996ec523f64987,1,30000000.0,30000000.0
0x4c50e1c3b51bc2f28a168891904c38eb2b4a1f3c,1,30000000.0,30000000.0
0xcbd52eab8369adc67fbd863300f17de34d32f93c,1,30000000.0,30000000.0
0x539dd4da0054a1fc81492104a11537be6cd5a3b2,1,30000000.0,30000000.0
0xb841d52a873c7055223b9c100cfccae4260a4a01,1,30000000.0,30000000.0
0xf33cc589739a4d3f33388cffabe3196339482e03,1,30000000.0,30000000.0
0x11ed535e024e25d68a9f7acf1e2cf5ab8e04bfb0,1,30000000.0,30000000.0
0x9f5b517a46389a9c3a593c27e798f17bfb28dd00,1,30000000.0,30000000.0
0x55e1ad547f3521daa63600fb68cbf1017135f870,1,30000000.0,30000000.0
0x3a6a98fa5e2e1d47d4921ed796e914885bfe8c70,1,30000000.0,30000000.0
0x5537db12681e44ec533859f98fdbcb38bf0bc669,1,30000000.0,30000000.0
0xf4f6f4ec56682e434e2b186024acffda9da79c11,1,30000000.0,30000000.0
0xf3ba03ea46479858daf40ae8731d3ed5c8e1f73c,1,30000000.0,30000000.0
0x1dc2c6d63ed9c37635b7a816b70bf642a32c0e81,1,30000000.0,30000000.0
0x653950eec35c0064c9e0da17e0c4f00a7afdbab0,1,30000000.0,30000000.0
0x8f6b1f9ac55f1e9feee4e326a9fef31742e6a557,1,30000000.0,30000000.0
0x4bf1e393475c641bac5cdf470c0915b4841ec7dc,1,28500000.0,28500000.0
0xabccdff5917721bc07f1d3223ddbe46c1d535af9,1,28444339.0,28444339.0
0x7e9677c1f9a93bf2b2bb0b59c25309c42b6e808b,1,25297282.0,25297282.0
0x000000000000305b8621e2475aee38ab5721d525,1,22786980.0,22786980.0
0x9f6c601455c8700be5f6d5ae641f47f10cdae40d,1,22575403.0,22575403.0
0xcefb84da706908effd6079d0cd126dbeb22c080f,1,17639010.0,17639010.0
0xbca4e26ebe28f2af86d6fd2345cb02ea3fecaabe,1,28500000.0,28500000.0
0xa751a831fa815d33bacc1e26ca036dfcc59e4f2d,1,25600000.0,25600000.0
0xab3edb795006284fc83e2ce008f67713d304d188,1,18000000.0,18000000.0
0x169332ae7d143e4b5c6baedb2fef77bfbddb4011,1,17516400.0,17516400.0
0x324c5dc1fc42c7a4d43d92df1eba58a54d13bf2d,1,21396568.0,21396568.0
0x7881341df4d01b2d6f686c3558d152cd4c71f060,1,19282347.0,19282347.0
0x6ec1de7ca9aafab9c1d40dd33fc68d4793e95710,1,30000000.0,30000000.0
0x9709db9ad7aaecc1bcd79ce94bdc4414fcade8a3,1,30000000.0,30000000.0
0x456790012a3bc73d8a27b0d91762b6c2945eb88f,1,22529376.0,22529376.0
0xc5f4b86b5877547077af3585468d7800f1b80934,1,18000000.0,18000000.0
0xd56635c0e91d31f88b89f195d3993a9e34516e59,1,18615346.0,18615346.0
0x7de049cbd0e161c7033fe26ed6807b8aad696087,1,25893000.0,25893000.0
0xf111118d62b23be6efd6505ff308db768f7086dc,1,17312607.0,17312607.0
0x79b0e90201a84206a4e263e84817e5f75424d0b9,1,20000000.0,20000000.0
0xedf822c90d62ac0557f8c4925725a2d6d6f17769,1,34133206.0,34133206.0
0x0335ffa9af5ce05590d6c9a75b645470e07744a9,1,30000000.0,30000000.0
0x18b59a4d99f7bd96d1ef7a3e597f259ad9563e2d,1,30000000.0,30000000.0
0xf989a99e12c45fb7bf9c38eb6bf4b3a278438cd4,1,18161395.0,18161395.0
0x9a866937b19e6d9d6ab5ff94e486ffedb568a010,1,30000000.0,30000000.0
0x54fec6309b53a31e65593f196b4c58f7a704a361,1,19180089.0,19180089.0
0x9b085fb67f502f623a64813d22072f846e53de9f,1,19525623.0,19525623.0
0x6eb64894cfb6a7d00749781ad01975584822dd5f,1,18611642.0,18611642.0
0x4f94044644c1b4320e52c9905a5ca354039d87e9,1,30000000.0,30000000.0
0x08138937f5afe004543a286e1c955cc2984fca37,1,19366209.0,19366209.0
0x1fe04bc15cf2c5a2d41a0b3a96725596676eba1e,1,19518471.0,19518471.0
0x04716db62c085d9e08050fcf6f7d775a03d07720,1,34133141.0,34133141.0
0x6f3e6272a167e8accb32072d08e0957f9c79223d,1,19106744.0,19106744.0
0xa4ce01bd7dd91da968a7c4a8d04282a3f5ea06bb,1,30000000.0,30000000.0
0x41cd4ad2d58f251ace2e43038136c2b8d8f1474e,1,25128714.0,25128714.0
0x03646f7c378533c817cda28e1713da76603afaa3,1,25600000.0,25600000.0
0x126c2cedb79d0a4d90d6907c8f0f8e06793eee0b,1,30000000.0,30000000.0
0x4a21bd6c9c68d7e1c88991aaf4a328369b252401,1,20000000.0,20000000.0
0xda9be54f8c0e1ffcc21c07d7f3c138c0d632866c,1,30000000.0,30000000.0
0x14a8d80559d65930f044f9bb5492637b65597219,1,30000000.0,30000000.0
0x2a0851a1eaf13b4816fd11b11b2e0060611932f4,1,18530652.0,18530652.0
0xb0e852252ba3b153199d2973803d95064c86ddd6,1,30000000.0,30000000.0
0x0653390fed8040e3be6243916b251de2ae2b084f,1,30000000.0,30000000.0
0x6724fd816dc6db25d2b2d500bf99d400fe8caaaa,1,30000000.0,30000000.0
0x9067e85f081d6815afd592b21369126a5065d190,1,30000000.0,30000000.0
0xfb25db7bb312ffbe040ff73b4c5098578251bbe4,1,30000000.0,30000000.0
0x0dfc1bc020e2d6a7cf234894e79686a88fbe2b2a,1,22600082.0,22600082.0
0x6352a56caadc4f1e25cd6c75970fa768a3304e64,1,24419213.0,24419213.0
0x683a4f9915d6216f73d6df50151725036bd26c02,1,21065690.0,21065690.0
0xb8fd82169a574eb97251bf43e443310d33ff056c,1,20587659.0,20587659.0
0x508b27902c6c14972a10a4e413b9cfa449e9cedb,1,34200000.0,34200000.0
0x0ad3e36492b24015f202fb3d2bbfe607c7c58ae9,1,20000000.0,20000000.0
0x0fc99d9f3dc4bebb430410d2c5a8ea594e412db4,1,20000000.0,20000000.0
0xbf2e102fb382d6ec52823c8f81a45e9caa951320,1,20000000.0,20000000.0
0xeac2ce955cea8f510fbf81f14ee6935de2a399ed,1,30000000.0,30000000.0
0xc02aaa39b223fe8d0a0e5c4f27ead9083c756cc2,1,26000000.0,26000000.0
0x607c31ac65541f504d875e0fac9812f009770445,1,30000000.0,30000000.0
0x2b777a05b711505eabd1de97703e7de9268547fd,1,18458265.0,18458265.0
0x59e9082e068ddb27fc5ef1690f9a9f22b32e573f,1,28444366.0,28444366.0
0x89c878d8f5cf3ab99825d674cf92176fb19f345c,1,23574519.0,23574519.0
0x72a19342e8f1838460ebfccef09f6585e32db86e,1,34200000.0,34200000.0
0xea55fffae1937e47eba2d854ab7bd29a9cc29170,1,26048285.0,26048285.0
0x92fd73e116ca51ddba28b016d8992ef62c15ac95,1,35690953.0,35690953.0
0x34d0f1cb08d47dc1333657a0a84df2462e806656,1,17234359.0,17234359.0
0xa397a8c2086c554b531c02e29f3291c9704b00c7,1,30000000.0,30000000.0
0x2260fac5e5542a773aa44fbcfedf7c193bc2c599,1,23075355.0,23075355.0
0x74f70713b0515e9f520d6c764352e45e227839b7,1,22600000.0,22600000.0
0xc51a59d7b06a530d4f667d00fc717fd24157c37b,1,30000000.0,30000000.0
0x0de0f0a9f7f1a56dafd025d0f31c31c6cb190346,1,17646945.0,17646945.0
0xf790a5f59678dd733fb3de93493a91f472ca1365,1,20000000.0,20000000.0
0x0000aeb716a0df7a9a1aad119b772644bc089da8,1,17385991.0,17385991.0
0xf39e306d0c08527b7e853431eb834b89ed44bd9e,1,20023633.0,20023633.0
0x2835aac9255a695725cc585c7fb8c3ec7915b25f,1,18483188.0,18483188.0
0xdabad81af85554e9ae636395611c58f7ec1aaec5,1,17653334.0,17653334.0
0x47ea4fe13d1bca3bea048c43fbd563ebfa5a5700,1,30000000.0,30000000.0
0x0600312409c4e2d39e4690549db2ba0bb5e86739,1,19500000.0,19500000.0
0xbcb4e4bcc41ab1494a3eb3456ed4edb8da5d46e4,1,20687415.0,20687415.0
0x9732f64a02ffcfc2c388b291abcc60c6acd273ba,1,20250000.0,20250000.0
0xbf4ed7b27f1d666546e30d74d50d173d20bca754,1,30000000.0,30000000.0
0x87870bca3f3fd6335c3f4ce8392d69350b4fa4e2,1,25884070.0,25884070.0
0xcaf5b1debd96bc8426463bb2334ccea106152564,1,21440577.0,21440577.0
0xdadef1ffbfeaab4f68a9fd181395f68b4e4e7ae0,1,18599939.0,18599939.0
0x4025ee6512dbbda97049bcf5aa5d38c54af6be8a,1,27320889.0,27320889.0
0xd5dfb453e480cb47ba3971c496a9a20f1cf1e669,1,22325929.0,22325929.0
0xc3d688b66703497daa19211eedff47f25384cdc3,1,21000000.0,21000000.0
0x9db8e3de4f16fa256d64cfc9dc06baa554dfa4c9,1,21970351.0,21970351.0
0xe81cfa76a9579686de04749c6c0d404e3b4a60b8,1,20092734.0,20092734.0
0x1ce916a10a92d6dead2d9814e7b052dd1a576707,1,21000000.0,21000000.0
0x580731911b8d5df910b7ed9b776f1b2e70de6752,1,19810771.0,19810771.0
0x13b69707b5f9a12fd4f88ee3027f5da0d7cd150d,1,26000000.0,26000000.0
0x991fc77111aba5657ffb24015566f6d114052d86,1,34923191.0,34923191.0
0xbd216513d74c8cf14cf4747e6aaa6420ff64ee9e,1,19508815.0,19508815.0
0x7baab9befa856d63637095b1c1c1176c105b85c9,1,32273628.0,32273628.0
0xc05ec5235ce6050375adce1f86bbec949c3c366f,1,19600000.0,19600000.0
0x2e4f501ae2ce00bec58320e21f8e8bffefbb4f80,1,20000000.0,20000000.0
0x73d7439ca441da0bed1020a1f1c88bd572f3d57c,1,29600000.0,29600000.0
0x7f39c581f595b53c5cb19bd0b3f8da6c935e2ca0,1,22489622.0,22489622.0
0xf0e2c83bd68ae79900ab9892ac77c9311b278117,1,17192068.0,17192068.0
0x74b053c36d31eb901e5f46a5d5d9a350db5bc09c,1,19635696.0,19635696.0
0x7bc1d6aa77a5fe6ac448c4accaf2aa84a74e4a2f,1,24156305.0,24156305.0
0x845a1664c2b55fe815d3fb091e4a61d98ec8a03a,1,22167071.0,22167071.0
0xcb09f04895d4e04bca7e622e3e87eeb25bb193b0,1,25000000.0,25000000.0
0x1a8deb6deb554cf80d8202c169d31538d449c99b,1,19810771.0,19810771.0
0x57e9e78a627baa30b71793885b952a9006298af6,1,23405863.0,23405863.0
0x09b9189d5e5925e3cad2214cda7fd972870ef55f,1,28500000.0,28500000.0
0x5d872d33b7ccd0ea1f413e6e82be5e05ced2d345,1,26043000.0,26043000.0
0xec177d69971eeeb3654a347acbfff4435ed42e41,1,17320766.0,17320766.0
0x0b159aacd4a93977a34928c417fca3a2f3a40d1b,1,34133107.0,34133107.0
0x173272739bd7aa6e4e214714048a9fe699453059,1,28800000.0,28800000.0
0xebe1f80dee71b1d8e2953fc22b49972291633939,1,20750828.0,20750828.0
0xf395767ae0e947504651a33ac2899520c551955d,1,34199967.0,34199967.0
0x338aca47e590ca3be8505df10236d943e9beac7d,1,34249435.0,34249435.0
0x98b3c9f6adf69414cbc0ce4ca2ffde70583973ec,1,20489978.0,20489978.0
0x9855054731540a48b28990b63dcf4f33d8ae46a1,1,20000000.0,20000000.0
0xff8abcb6d37848185e3869cc936aec752ae33b94,1,33206891.0,33206891.0
0x9ba6e03d8b90de867373db8cf1a58d2f7f006b3a,1,20000000.0,20000000.0
0x7bb41c3008b3f03fe483b28b8db90e19cf07595c,1,20000000.0,20000000.0
0xdd734b06153b8037a4cdee6c27f598e258bafab0,1,35320813.0,35320813.0
0x75be5c168e0a86cb76abf64bd0753eed2505bca8,1,32200315.0,32200315.0
0x8e5de7118a596e99b0563d3022039c11927f4827,1,17608337.0,17608337.0
0xad60d43a33ca26e40eacc5bbc60f1c7136ffb89b,1,22600000.0,22600000.0
0x461bc2ac3f80801bc11b0f20d63b73fef60c8076,1,22266447.0,22266447.0
0x07e6f2239d6fbe2ce00747fcfb8344ebbf973bcc,1,22587683.0,22587683.0
0xe2299d63997db5ca13789a74b0583d09becc8ce9,1,22587703.0,22587703.0
0x289d600447a74b952ad16f0bd53b8eaaac2d2d71,1,20164557.0,20164557.0
0xac88a57943b5bba1ecd931f8494cad0b7f717590,1,17622095.0,17622095.0
0xcccccccc42b7da9fdec1761698fb55fdd41cdf55,1,22179852.0,22179852.0
0x00000042c738fd6ec174e37800874bb6771e06ce,1,30000000.0,30000000.0
0x786e4bf2d5803af5a696af1a116eeca68acd3699,1,17113011.0,17113011.0
0x741d6bf0997a313720b5884f749685f7e9a994d6,1,28500000.0,28500000.0
0x7b3c54e17d618cc94dadfe7671c1e2f50c4ecc33,1,18152543.0,18152543.0
0x12bafb6358ca4e9457750144b82edfe2365a3e45,1,27310442.0,27310442.0
0x202fc4bb5c7d11c78d5f9bfcbb9e0f51138e3e9e,1,33522476.0,33522476.0
0x1932e815254c53b3ecd81cecf252a5ac7f0e8bea,1,17374653.0,17374653.0
0xb1fe7c58519e6ae94fe15ea6a8830751230454a4,1,28600790.0,28600790.0
0x323a76393544d5ecca80cd6ef2a560c6a395b7e3,1,20575400.0,20575400.0
0x8161e4b1fbd3bb58559759a0f87db13f5e425883,1,27968369.0,27968369.0
0x880851a20750faebd1fe460f8c10878fef5c514a,1,18411823.0,18411823.0
0x1cda7f15e43a23603f3b8f6a83fce85518777440,1,17315883.0,17315883.0
0x9c7d4fb43919def524c1a9d92fe836169eaf0615,1,34199933.0,34199933.0
0x6fc39491f973ae1fa873f71e2866d6f3f7cca0e0,1,23092747.0,23092747.0
0x07d37c81a968a3c66935d34159672a969475c5f6,1,18600000.0,18600000.0
0x3058396087da0ac2998a344ee9e55e0f71a7af25,1,24835166.0,24835166.0
0xf6228c82fc2404d90827d9d7a1340106a3407b06,1,28575403.0,28575403.0
0xd501aacb7933c01f55be1b740417e5cce909d789,1,27025342.0,27025342.0
0xec4619b54dadaef8cbbe11c20f3ad3d6c7582e5a,1,34200000.0,34200000.0
0x93d176dd54ff38b08f33b4fc62573ec80f1da185,1,19000000.0,19000000.0
0xdfc21c8b8346aa12096401baf456f19c17127e5d,1,32400000.0,32400000.0
0x156acd2bc5fc336d59baae602a2bd9b5e20d6672,1,23780914.0,23780914.0
0xa4ec124e09d6d1a092c6bd16afac9cd83f73e3c3,1,24157182.0,24157182.0
0x8059a877bfed052622366e4cf7107d418aa97a34,1,26396240.0,26396240.0
0x71a028d3c8a9eb68486af850f602a7b8e46e04e3,1,25797058.0,25797058.0
0x114e849a5a823dabcc9e61416766b2f3d3e9f967,1,22441867.0,22441867.0
0x86862445f58f50382c421a7bcecbcd971cc25367,1,18204108.0,18204108.0
0xd83b6493ecebc29a6da555935d1b8572a14fc989,1,18576780.0,18576780.0
0xd4bc53434c5e12cb41381a556c3c47e1a86e80e3,1,30000000.0,30000000.0
0x69e837c1430da188b06132f5ed65b545635dbf0d,1,19429624.0,19429624.0
0x80bc17231904fc26d6bef9d67d33d57d2e5542f8,1,18348903.0,18348903.0
0x62ca7d9d709991e0feca4252f3105ae28cdd8d0e,1,17625225.0,17625225.0
0x323323bf35bd5c58a92a5a892da12e31dbd72ad8,1,21678372.0,21678372.0
0xdc977f87a23d74ad53714994137bac546e0f869e,1,20401000.0,20401000.0
0x9ef31ce8cca614e7aff3c1b883740e8d2728fe91,1,32200621.0,32200621.0
0x00009fc9e04ae4f40412c892252584d463800000,1,32647110.0,32647110.0
0x7cfc79051ba6d09916a6b881cf4894cae83bcc4c,1,18208554.0,18208554.0
0x475f433407205557e8a7aee7be53155eb9681c92,1,27784183.0,27784183.0
0xfdb7ef80bd6ab675cd52811bfb9329fbd9b92aba,1,25706366.0,25706366.0
0xcd02b851bcc0aae7312ffb52370292bf596dfc04,1,31000000.0,31000000.0
0xddc61d6c2845614c30c4ab0bcd260082226106f0,1,31000000.0,31000000.0
0x9259fbea63c758fefa688c872576b79f698d571b,1,31000000.0,31000000.0
0xcb46278c55a297deaad8e3168adb0770e7a7f279,1,31000000.0,31000000.0
0xb38f07845a2a74be81f7278efc40b7a45c4f1ed8,1,21355971.0,21355971.0
0x0ab81f382fa01caa886c4c4dfe4a507e1cab9559,1,17875580.0,17875580.0
0x16cf768b9b82270ed438467f3ab8d76e395aa57d,1,21081344.0,21081344.0
0xd19860cb01cc2a37844a48f882cc2efb9db39a3f,1,30000000.0,30000000.0
0xf6b513b779289f960ed55e08303de5865ca7c633,1,17056857.0,17056857.0
0xa4c38196c966dc595aff2d0a76198f9cffb200be,1,17356603.0,17356603.0
0x771263e3bc6acda5ae388a3f8a0c2dd7a17275fc,1,30234153.0,30234153.0
0xe9c3c6046ba6c78500d1ba6565a44ba2d0669185,1,30000000.0,30000000.0
0x58e5d3f97f73afd2051186e03bfcddf8485afee4,1,20000000.0,20000000.0
0xd9b6a91a9225984dfc63894793b226662a1893bb,1,28569846.0,28569846.0
0x5895d114a4992f4ce71d61293f7d4fde93fcd695,1,32000000.0,32000000.0
0xeb3107117fead7de89cd14d463d340a2e6917769,1,24972743.0,24972743.0
0xf6e9a82dafe8aa143c7ef55837f36e3791dfd2f8,1,31000000.0,31000000.0
0x1fa7cb4925086128f3bb9e26761c9c75dbac3cd1,1,20000000.0,20000000.0
0x507888e987257a8dde6f8afa46375cefe2cbf504,1,17624630.0,17624630.0
0xeac105b4bf50fb9d90a47a5d8730d29c814f7e44,1,20000000.0,20000000.0
0x922824a5b3b3d5f4485ff52f4ab7cba5ea491874,1,16962853.0,16962853.0
0x4444aaaacdba5580282365e25b16309bd770ce4a,1,17525304.0,17525304.0
0x8da7fab209e9f3676a1755168219f10e84c439e9,1,21223379.0,21223379.0
0x00000e98f2c7ed2496ae45f06e1c42558bc00000,1,32653613.0,32653613.0
0x915a1b78964fb8f76dde2d3b95d7d4b0120fb4e1,1,31000000.0,31000000.0
0x4154a207a74c36c82d0c9695da41f44fa2af0b13,1,20530100.0,20530100.0
0x50dc9afcba000db739b4b5e1216dbf85bba64568,1,28313600.0,28313600.0
0x0fb2be55b262f51fee36add32403c89a286076f5,1,31000000.0,31000000.0
0x7192f01432871d1f9654b207d13a32a68d2bbec9,1,24308850.0,24308850.0
0x4d5db07eee4d4308f21b8b24b7d22e1c404c5e42,1,31000000.0,31000000.0
0x65ac5c8fc904ebc00140fdd59f9f63183cccc107,1,25000000.0,25000000.0
0x00000ec1b0b023dc49982fb42cf3984cab400000,1,35752071.0,35752071.0
0xaaaaaaae92cc1ceef79a038017889fdd26d23d4d,1,34200000.0,34200000.0
0x97e3d731961a6e919ca061ad7d80629250229c39,1,31000000.0,31000000.0
0xc73278c38b658e00ac81b74e8de30496370cc874,1,31000000.0,31000000.0
0x73adf157205f515fb66ce3399739861a6d2ef7bd,1,31000000.0,31000000.0
0x13966965a00d7079fa2f37178256d73808717cb7,1,31000000.0,31000000.0
0x86f5a13c95ecf7263634b6e14e483d05d7d4aa0b,1,25967757.0,25967757.0
0x0c67de5cc829703e6c4da8c3953f0f13c9e19a62,1,35929691.0,35929691.0
0x65c0c506b2c6a23fce122a02ffb53c56a68ad09e,1,30000000.0,30000000.0
0xd53b14537bce29fb220b42d19bf6f8d57cb19eb6,1,32400000.0,32400000.0
0x999b078a8d153eda8a18702a55bd10b26b72f0d0,1,31000000.0,31000000.0
0x8f44953d938c08c0e26d6eadde482a8e02e8b752,1,31000000.0,31000000.0
0x148ec0455bdf2dbf824b7016ecafc07505f55918,1,23034980.0,23034980.0
0xbc90dbeb9e76ff5577bc502ebdebd0f6616ec434,1,30294422.0,30294422.0
0x770122c5a763432bc28bb13b410588edd0890355,1,18453038.0,18453038.0
0x90cb896bccc912ecb8198c6fa0b9144e8e1d7153,1,18000000.0,18000000.0
0x5650300fcbab43a0d7d02f8cb5d0f039402593f0,1,18762798.0,18762798.0
0xea4bb5fc73f6a10afd69ded9dd7558b505b253ae,1,17000000.0,17000000.0
0x1b51d3cb626d944610b2657d0a767f856a801f3f,1,18000000.0,18000000.0
0x0000000000000000000000000000000000000000,1,20000000.0,20000000.0
0x9e233ece23bfb1e23566f10415efbc085b9fff74,1,20000000.0,20000000.0
0x5324fce830080a5e9cbc88ea1dc6d695a8ce5f65,1,19600317.0,19600317.0
0x18ff6bf89d1cd040210ec187569686b04853615f,1,23181558.0,23181558.0
0xaf35be196994a1ea334f01acb85b5278e0e88ca5,1,17283261.0,17283261.0
0x1fff8345cff27fbf204644fbbcc08450d7fc63ee,1,17675780.0,17675780.0
0x384dd81047f88ee35de75da1149943b8e62d8802,1,29900000.0,29900000.0
0x80141735b9ff455bb13e1c11093d89a3ef36b2f5,1,17501982.0,17501982.0
0xf0b30fbca3feea3fb8e441737bec0afdd231b69e,1,21005578.0,21005578.0
0xaddd397493893f93ccc91ecc3ceec2b90994658b,1,22599987.0,22599987.0
0x6ed96705c0e7ae2fc3016e1a570cfd2a99b95ff0,1,17480355.0,17480355.0
0x2ad2f3a8ebb1a662896d16c6b57ad32d92ff2e87,1,23020110.0,23020110.0
0xce49146a761acfe286ddecab91d70521b15f07cc,1,20000000.0,20000000.0
0x6ec4d6e239576234717ed00651d21fb81bfa9ba2,1,20000000.0,20000000.0
